datetime,power,ec_wind_speed_10m
2021-05-01 00:00:00,29.6714,7.479382
2021-05-01 00:15:00,29.1351,7.0497255
2021-05-01 00:30:00,28.5939,6.8793497
2021-05-01 00:45:00,28.0354,6.974147
2021-05-01 01:00:00,27.4607,7.1755314
2021-05-01 01:15:00,26.846,7.406301
2021-05-01 01:30:00,26.1943,7.506285
2021-05-01 01:45:00,25.5088,7.580265
2021-05-01 02:00:00,24.7929,7.6848216
2021-05-01 02:15:00,24.0616,7.721811
2021-05-01 02:30:00,23.3508,7.701731
2021-05-01 02:45:00,22.671,7.6472287
2021-05-01 03:00:00,22.042,7.6641045
2021-05-01 03:15:00,21.4607,7.8484178
2021-05-01 03:30:00,20.9846,7.958891
2021-05-01 03:45:00,20.6172,7.9521146
2021-05-01 04:00:00,20.3628,7.912181
2021-05-01 04:15:00,20.2561,7.8063517
2021-05-01 04:30:00,20.2078,7.8468847
2021-05-01 04:45:00,20.2271,7.875342
2021-05-01 05:00:00,20.3239,7.8226004
2021-05-01 05:15:00,20.4896,7.8389935
2021-05-01 05:30:00,20.6961,7.9590325
2021-05-01 05:45:00,20.9446,7.9874916
2021-05-01 06:00:00,21.2163,7.892754
2021-05-01 06:15:00,21.5223,7.7642655
2021-05-01 06:30:00,21.7287,7.740734
2021-05-01 06:45:00,21.8222,7.8596334
2021-05-01 07:00:00,21.7702,8.050849
2021-05-01 07:15:00,21.5737,8.137185
2021-05-01 07:30:00,21.2264,8.232022
2021-05-01 07:45:00,20.7059,8.438946
2021-05-01 08:00:00,20.0254,8.32333
2021-05-01 08:15:00,19.1833,8.169559
2021-05-01 08:30:00,18.2548,8.073845
2021-05-01 08:45:00,17.2323,8.028661
2021-05-01 09:00:00,16.1379,7.822703
2021-05-01 09:15:00,14.9939,6.997047
2021-05-01 09:30:00,13.999,6.3400445
2021-05-01 09:45:00,13.1391,5.8843756
2021-05-01 10:00:00,12.3958,5.201687
2021-05-01 10:15:00,11.7484,4.2772737
2021-05-01 10:30:00,11.2444,3.5095384
2021-05-01 10:45:00,10.879,3.217937
2021-05-01 11:00:00,10.6461,3.1694233
2021-05-01 11:15:00,10.5592,3.2615223
2021-05-01 11:30:00,10.5898,3.3571634
2021-05-01 11:45:00,10.7543,3.3675702
2021-05-01 12:00:00,11.0683,3.394208
2021-05-01 12:15:00,11.5543,3.3842607
2021-05-01 12:30:00,12.1975,3.3000464
2021-05-01 12:45:00,13.0338,3.2081146
2021-05-01 13:00:00,14.1054,3.104801
2021-05-01 13:15:00,15.4851,3.016431
2021-05-01 13:30:00,17.061,2.9617882
2021-05-01 13:45:00,18.8746,2.9284143
2021-05-01 14:00:00,20.9646,2.9538584
2021-05-01 14:15:00,23.373,2.9521012
2021-05-01 14:30:00,26.2067,3.1089392
2021-05-01 14:45:00,29.5054,3.3379688
2021-05-01 15:00:00,33.3318,3.5205286
2021-05-01 15:15:00,37.7831,3.583813
2021-05-01 15:30:00,42.8937,3.5789208
2021-05-01 15:45:00,48.6388,3.5259078
2021-05-01 16:00:00,55.0004,3.4454496
2021-05-01 16:15:00,61.8634,3.379802
2021-05-01 16:30:00,68.9421,3.1250656
2021-05-01 16:45:00,76.1265,2.801362
2021-05-01 17:00:00,83.3039,2.5577905
2021-05-01 17:15:00,90.3637,2.3761878
2021-05-01 17:30:00,96.97,2.1712992
2021-05-01 17:45:00,103.0181,1.9856269
2021-05-01 18:00:00,108.3936,1.8509114
2021-05-01 18:15:00,112.9702,1.6675838
2021-05-01 18:30:00,116.697,1.4819204
2021-05-01 18:45:00,119.5354,1.4319326
2021-05-01 19:00:00,121.3665,1.755638
2021-05-01 19:15:00,122.163,2.3646502
2021-05-01 19:30:00,121.9271,2.259028
2021-05-01 19:45:00,120.6875,3.1307917
2021-05-01 20:00:00,118.5896,3.7925408
2021-05-01 20:15:00,115.6912,3.842661
2021-05-01 20:30:00,112.2903,3.6610405
2021-05-01 20:45:00,108.482,3.0208075
2021-05-01 21:00:00,104.3068,3.8605232
2021-05-01 21:15:00,99.8097,6.252755
2021-05-01 21:30:00,95.5865,6.0969925
2021-05-01 21:45:00,91.6398,6.57541
2021-05-01 22:00:00,88.0252,6.487032
2021-05-01 22:15:00,84.7378,6.6982474
2021-05-01 22:30:00,81.9615,6.965164
2021-05-01 22:45:00,79.6269,7.0338516
2021-05-01 23:00:00,77.7211,7.100881
2021-05-01 23:15:00,76.2323,7.137376
2021-05-01 23:30:00,75.2032,7.1668987
2021-05-01 23:45:00,74.6517,7.121659
2021-05-02 00:00:00,84.7101,7.064104
2021-05-02 00:15:00,85.9583,7.1763535
2021-05-02 00:30:00,86.85,6.903199
2021-05-02 00:45:00,87.325,6.982655
2021-05-02 01:00:00,87.297,6.987619
2021-05-02 01:15:00,86.7662,7.0428114
2021-05-02 01:30:00,85.3472,7.24388
2021-05-02 01:45:00,83.0018,7.3879814
2021-05-02 02:00:00,79.7619,7.469169
2021-05-02 02:15:00,75.651,7.6507497
2021-05-02 02:30:00,70.9737,6.4059706
2021-05-02 02:45:00,65.829,4.8774085
2021-05-02 03:00:00,60.3069,4.101843
2021-05-02 03:15:00,54.5369,0.8027748
2021-05-02 03:30:00,49.2125,2.772145
2021-05-02 03:45:00,44.387,2.6740096
2021-05-02 04:00:00,40.0369,2.5392334
2021-05-02 04:15:00,36.1836,2.8744364
2021-05-02 04:30:00,33.0267,3.0610332
2021-05-02 04:45:00,30.4992,3.4649475
2021-05-02 05:00:00,28.5135,4.488343
2021-05-02 05:15:00,27.024,4.674359
2021-05-02 05:30:00,26.0214,4.945932
2021-05-02 05:45:00,25.4967,5.353591
2021-05-02 06:00:00,25.4122,6.1714373
2021-05-02 06:15:00,25.7883,6.620405
2021-05-02 06:30:00,26.3434,6.261334
2021-05-02 06:45:00,27.1006,5.553357
2021-05-02 07:00:00,28.1013,5.1584625
2021-05-02 07:15:00,29.3953,5.152367
2021-05-02 07:30:00,30.5276,6.2566347
2021-05-02 07:45:00,31.4926,6.8966527
2021-05-02 08:00:00,32.3041,6.715591
2021-05-02 08:15:00,32.9509,5.564867
2021-05-02 08:30:00,33.4238,5.1849813
2021-05-02 08:45:00,33.7474,5.7126923
2021-05-02 09:00:00,33.9179,5.9146776
2021-05-02 09:15:00,33.949,6.111373
2021-05-02 09:30:00,33.6084,6.037235
2021-05-02 09:45:00,32.9509,5.765493
2021-05-02 10:00:00,32.0514,5.5233254
2021-05-02 10:15:00,30.9565,5.7385097
2021-05-02 10:30:00,29.9498,6.1491017
2021-05-02 10:45:00,29.0533,6.299016
2021-05-02 11:00:00,28.3001,5.8781166
2021-05-02 11:15:00,27.6815,5.3867908
2021-05-02 11:30:00,27.2031,5.384012
2021-05-02 11:45:00,26.846,5.0472198
2021-05-02 12:00:00,26.6062,4.713656
2021-05-02 12:15:00,26.4432,4.504097
2021-05-02 12:30:00,26.1943,4.0818396
2021-05-02 12:45:00,25.8128,3.5769093
2021-05-02 13:00:00,25.304,2.8063087
2021-05-02 13:15:00,24.6754,2.392148
2021-05-02 13:30:00,24.0845,2.3140402
2021-05-02 13:45:00,23.4846,2.3729222
2021-05-02 14:00:00,22.8664,2.4010105
2021-05-02 14:15:00,22.1897,2.3010905
2021-05-02 14:30:00,21.4402,2.1801229
2021-05-02 14:45:00,20.6172,2.421088
2021-05-02 15:00:00,19.7029,2.8764567
2021-05-02 15:15:00,18.731,2.983483
2021-05-02 15:30:00,17.7487,2.8601274
2021-05-02 15:45:00,16.7952,2.5688808
2021-05-02 16:00:00,15.8719,2.1529906
2021-05-02 16:15:00,14.9797,2.0897748
2021-05-02 16:30:00,14.2126,2.083974
2021-05-02 16:45:00,13.5687,2.3611155
2021-05-02 17:00:00,13.0585,2.3061118
2021-05-02 17:15:00,12.6809,2.372576
2021-05-02 17:30:00,12.4488,2.5177758
2021-05-02 17:45:00,12.3782,2.6766276
2021-05-02 18:00:00,12.4783,2.8010697
2021-05-02 18:15:00,12.7592,2.998009
2021-05-02 18:30:00,13.1827,5.9248085
2021-05-02 18:45:00,13.7757,7.6097193
2021-05-02 19:00:00,14.5531,9.059232
2021-05-02 19:15:00,15.5513,7.9637785
2021-05-02 19:30:00,16.8192,8.145602
2021-05-02 19:45:00,18.4034,7.13833
2021-05-02 20:00:00,20.3725,5.566591
2021-05-02 20:15:00,22.7793,4.304891
2021-05-02 20:30:00,25.4846,3.9913197
2021-05-02 20:45:00,28.4333,4.1421247
2021-05-02 21:00:00,31.5656,4.678145
2021-05-02 21:15:00,34.8448,4.9467835
2021-05-02 21:30:00,38.1062,4.426475
2021-05-02 21:45:00,41.2561,4.298836
2021-05-02 22:00:00,44.1768,4.6910825
2021-05-02 22:15:00,46.7263,5.390287
2021-05-02 22:30:00,49.4186,5.4828076
2021-05-02 22:45:00,52.2355,5.5678005
2021-05-02 23:00:00,55.0225,5.585169
2021-05-02 23:15:00,57.6733,5.3793154
2021-05-02 23:30:00,59.8398,4.7997594
2021-05-02 23:45:00,61.4129,4.4260254
2021-05-03 00:00:00,44.7324,2.6011589
2021-05-03 00:15:00,44.4636,2.0744102
2021-05-03 00:30:00,44.5403,2.276881
2021-05-03 00:45:00,44.9445,2.948258
2021-05-03 01:00:00,45.6435,3.0087311
2021-05-03 01:15:00,46.6073,2.5992362
2021-05-03 01:30:00,47.8069,2.4196684
2021-05-03 01:45:00,49.2949,2.6140997
2021-05-03 02:00:00,51.0667,3.113536
2021-05-03 02:15:00,53.118,3.512704
2021-05-03 02:30:00,55.3107,3.4016557
2021-05-03 02:45:00,57.6278,3.2778056
2021-05-03 03:00:00,60.003,3.419358
2021-05-03 03:15:00,62.268,3.6613038
2021-05-03 03:30:00,64.4595,4.131099
2021-05-03 03:45:00,66.3714,4.53565
2021-05-03 04:00:00,67.8876,4.335632
2021-05-03 04:15:00,68.9673,3.5925415
2021-05-03 04:30:00,69.7258,3.1755474
2021-05-03 04:45:00,70.132,3.7166247
2021-05-03 05:00:00,70.1574,3.4755175
2021-05-03 05:15:00,69.7511,3.1598449
2021-05-03 05:30:00,69.0429,3.1716135
2021-05-03 05:45:00,67.9877,3.11276
2021-05-03 06:00:00,66.594,3.1567647
2021-05-03 06:15:00,64.898,3.3531945
2021-05-03 06:30:00,63.1299,3.575698
2021-05-03 06:45:00,61.342,3.5436034
2021-05-03 07:00:00,59.5373,2.9365668
2021-05-03 07:15:00,57.7645,2.0522244
2021-05-03 07:30:00,55.9571,1.6260747
2021-05-03 07:45:00,54.1416,1.5520065
2021-05-03 08:00:00,52.3426,1.9741226
2021-05-03 08:15:00,50.667,4.1542325
2021-05-03 08:30:00,48.9866,6.132512
2021-05-03 08:45:00,47.3445,6.3809934
2021-05-03 09:00:00,45.7803,6.1717415
2021-05-03 09:15:00,44.3487,6.1774263
2021-05-03 09:30:00,43.1931,6.085442
2021-05-03 09:45:00,42.281,5.7663555
2021-05-03 10:00:00,41.62,5.4747972
2021-05-03 10:15:00,41.1655,5.122572
2021-05-03 10:30:00,40.8947,4.857155
2021-05-03 10:45:00,40.7867,4.7504206
2021-05-03 11:00:00,40.8766,4.8533907
2021-05-03 11:15:00,41.1837,5.2908273
2021-05-03 11:30:00,41.7113,5.818568
2021-05-03 11:45:00,42.4475,6.1793885
2021-05-03 12:00:00,43.3811,6.3596025
2021-05-03 12:15:00,44.5211,6.5219083
2021-05-03 12:30:00,45.8978,6.8531947
2021-05-03 12:45:00,47.5251,7.1364045
2021-05-03 13:00:00,49.4186,7.152998
2021-05-03 13:15:00,51.5746,7.0311933
2021-05-03 13:30:00,53.6609,6.785327
2021-05-03 13:45:00,55.6445,6.5602584
2021-05-03 14:00:00,57.5139,6.6445975
2021-05-03 14:15:00,59.3053,7.188859
2021-05-03 14:30:00,60.9408,7.685661
2021-05-03 14:45:00,62.4351,7.6555166
2021-05-03 15:00:00,63.7565,7.19898
2021-05-03 15:15:00,64.898,6.832795
2021-05-03 15:30:00,65.9767,6.7298026
2021-05-03 15:45:00,67.0154,6.915475
2021-05-03 16:00:00,68.0127,7.126486
2021-05-03 16:15:00,68.9673,7.0204263
2021-05-03 16:30:00,69.599,6.706976
2021-05-03 16:45:00,69.8779,6.7524323
2021-05-03 17:00:00,69.8018,6.592058
2021-05-03 17:15:00,69.2702,6.278185
2021-05-03 17:30:00,68.3887,6.077915
2021-05-03 17:45:00,67.0651,5.761184
2021-05-03 18:00:00,65.3136,5.6632433
2021-05-03 18:15:00,63.1058,5.409824
2021-05-03 18:30:00,60.9173,5.186935
2021-05-03 18:45:00,58.7736,4.7765408
2021-05-03 19:00:00,56.6984,4.3909206
2021-05-03 19:15:00,54.7352,3.9862516
2021-05-03 19:30:00,52.8156,3.3714812
2021-05-03 19:45:00,50.9824,3.6612432
2021-05-03 20:00:00,49.3155,3.9306905
2021-05-03 20:15:00,47.9482,4.088239
2021-05-03 20:30:00,47.1445,4.066311
2021-05-03 20:45:00,47.0248,3.805495
2021-05-03 21:00:00,47.686,3.4639733
2021-05-03 21:15:00,49.192,3.106765
2021-05-03 21:30:00,51.1511,3.8867455
2021-05-03 21:45:00,53.7045,4.620231
2021-05-03 22:00:00,56.9016,4.5116224
2021-05-03 22:15:00,60.8467,4.611791
2021-05-03 22:30:00,65.0445,4.588464
2021-05-03 22:45:00,69.5484,4.7836185
2021-05-03 23:00:00,74.259,5.1478844
2021-05-03 23:15:00,79.1419,5.3682437
2021-05-03 23:30:00,84.268,5.408766
2021-05-03 23:45:00,89.4879,5.3466787
2021-05-04 00:00:00,108.9771,6.8649406
2021-05-04 00:15:00,111.1962,6.9641557
2021-05-04 00:30:00,112.7568,6.890767
2021-05-04 00:45:00,113.7119,6.804601
2021-05-04 01:00:00,114.1173,6.996733
2021-05-04 01:15:00,114.0304,7.1732125
2021-05-04 01:30:00,113.7987,7.387791
2021-05-04 01:45:00,113.4223,7.688748
2021-05-04 02:00:00,112.9304,7.967797
2021-05-04 02:15:00,112.323,7.620201
2021-05-04 02:30:00,111.4561,7.516852
2021-05-04 02:45:00,110.4172,7.912785
2021-05-04 03:00:00,109.1497,7.962721
2021-05-04 03:15:00,107.7128,7.651942
2021-05-04 03:30:00,106.223,7.366412
2021-05-04 03:45:00,104.6812,7.3306766
2021-05-04 04:00:00,103.0887,7.2988944
2021-05-04 04:15:00,101.475,7.203077
2021-05-04 04:30:00,99.8694,7.1053553
2021-05-04 04:45:00,98.2725,7.0834255
2021-05-04 05:00:00,96.6847,7.0516324
2021-05-04 05:15:00,95.1342,6.945614
2021-05-04 05:30:00,93.5115,6.776133
2021-05-04 05:45:00,91.7915,6.547488
2021-05-04 06:00:00,90.0045,6.5292807
2021-05-04 06:15:00,88.1532,6.5480967
2021-05-04 06:30:00,86.3465,6.7812963
2021-05-04 06:45:00,84.6104,7.0897694
2021-05-04 07:00:00,82.9439,7.4733353
2021-05-04 07:15:00,81.3716,7.882463
2021-05-04 07:30:00,79.8661,8.504243
2021-05-04 07:45:00,78.4765,8.901104
2021-05-04 08:00:00,77.225,8.486273
2021-05-04 08:15:00,76.0837,8.489381
2021-05-04 08:30:00,75.0258,8.624972
2021-05-04 08:45:00,74.0494,8.883308
2021-05-04 09:00:00,73.1771,9.178425
2021-05-04 09:15:00,72.359,9.24625
2021-05-04 09:30:00,71.5703,9.240735
2021-05-04 09:45:00,70.8105,9.247444
2021-05-04 10:00:00,69.9852,9.088496
2021-05-04 10:15:00,69.1426,8.871291
2021-05-04 10:30:00,68.0523,8.734016
2021-05-04 10:45:00,66.7219,8.508684
2021-05-04 11:00:00,65.0938,8.345652
2021-05-04 11:15:00,63.1398,8.255132
2021-05-04 11:30:00,60.8387,8.187558
2021-05-04 11:45:00,58.2204,8.0362625
2021-05-04 12:00:00,55.2999,7.7953644
2021-05-04 12:15:00,52.0813,7.5147305
2021-05-04 12:30:00,48.9103,7.1278477
2021-05-04 12:45:00,45.7812,6.6222415
2021-05-04 13:00:00,42.7409,6.1327863
2021-05-04 13:15:00,39.7653,5.704554
2021-05-04 13:30:00,36.8665,5.365562
2021-05-04 13:45:00,34.0548,4.8216786
2021-05-04 14:00:00,31.3394,4.0815663
2021-05-04 14:15:00,28.74,3.400031
2021-05-04 14:30:00,26.271,2.8441885
2021-05-04 14:45:00,23.9109,2.5015469
2021-05-04 15:00:00,21.7008,2.23132
2021-05-04 15:15:00,19.624,2.061628
2021-05-04 15:30:00,17.8157,2.138591
2021-05-04 15:45:00,16.2398,2.376712
2021-05-04 16:00:00,14.9028,2.7081525
2021-05-04 16:15:00,13.7808,2.8687108
2021-05-04 16:30:00,12.781,3.498764
2021-05-04 16:45:00,11.9037,4.5789595
2021-05-04 17:00:00,11.1428,4.4027762
2021-05-04 17:15:00,10.4756,3.723336
2021-05-04 17:30:00,9.9465,3.2029135
2021-05-04 17:45:00,9.5336,2.6076014
2021-05-04 18:00:00,9.2243,2.2114062
2021-05-04 18:15:00,9.0026,1.9073638
2021-05-04 18:30:00,8.8599,2.033364
2021-05-04 18:45:00,8.7944,3.7829254
2021-05-04 19:00:00,8.789,4.7093234
2021-05-04 19:15:00,8.8326,4.4700313
2021-05-04 19:30:00,8.8818,3.1963434
2021-05-04 19:45:00,8.9256,3.1484184
2021-05-04 20:00:00,8.9586,3.2315056
2021-05-04 20:15:00,8.9641,2.9645324
2021-05-04 20:30:00,8.9421,2.5583713
2021-05-04 20:45:00,8.8927,2.4533975
2021-05-04 21:00:00,8.8108,2.7828255
2021-05-04 21:15:00,8.7075,2.564105
2021-05-04 21:30:00,8.6588,2.0066988
2021-05-04 21:45:00,8.6913,1.5959396
2021-05-04 22:00:00,8.8162,1.0382669
2021-05-04 22:15:00,9.0633,3.594792
2021-05-04 22:30:00,9.4826,5.7336545
2021-05-04 22:45:00,10.1037,5.560445
2021-05-04 23:00:00,10.9647,5.951743
2021-05-04 23:15:00,12.1228,5.9578795
2021-05-04 23:30:00,13.6272,5.851597
2021-05-04 23:45:00,15.5388,5.8143215
2021-05-05 00:00:00,16.0218,5.02997
2021-05-05 00:15:00,17.5252,5.2766724
2021-05-05 00:30:00,19.3742,5.506728
2021-05-05 00:45:00,21.6139,5.6049933
2021-05-05 01:00:00,24.2886,5.65571
2021-05-05 01:15:00,27.4717,5.730164
2021-05-05 01:30:00,31.0302,5.8777075
2021-05-05 01:45:00,34.9629,6.0270214
2021-05-05 02:00:00,39.283,6.110797
2021-05-05 02:15:00,43.9783,6.2126374
2021-05-05 02:30:00,49.002,6.3113017
2021-05-05 02:45:00,54.3236,6.330777
2021-05-05 03:00:00,59.9005,6.3741612
2021-05-05 03:15:00,65.769,6.857358
2021-05-05 03:30:00,71.5703,6.984765
2021-05-05 03:45:00,77.2749,6.639432
2021-05-05 04:00:00,82.7886,6.4484563
2021-05-05 04:15:00,88.0197,6.5809846
2021-05-05 04:30:00,92.527,6.6769686
2021-05-05 04:45:00,96.2407,6.863822
2021-05-05 05:00:00,99.1679,7.143783
2021-05-05 05:15:00,101.3056,7.3075285
2021-05-05 05:30:00,102.6916,7.23744
2021-05-05 05:45:00,103.4009,7.8564715
2021-05-05 06:00:00,103.5146,7.692939
2021-05-05 06:15:00,103.0603,7.5718966
2021-05-05 06:30:00,102.465,7.526841
2021-05-05 06:45:00,101.7858,7.459894
2021-05-05 07:00:00,100.9953,7.590274
2021-05-05 07:15:00,100.0943,7.7620683
2021-05-05 07:30:00,99.4203,7.9541574
2021-05-05 07:45:00,99.0558,7.7412643
2021-05-05 08:00:00,98.9998,7.186665
2021-05-05 08:15:00,99.3081,6.85577
2021-05-05 08:30:00,100.0662,6.478391
2021-05-05 08:45:00,101.2492,6.236062
2021-05-05 09:00:00,102.9468,5.963114
2021-05-05 09:15:00,105.1374,5.7390137
2021-05-05 09:30:00,108.2871,5.849712
2021-05-05 09:45:00,112.4097,6.106898
2021-05-05 10:00:00,117.5103,6.3878036
2021-05-05 10:15:00,123.5724,6.837263
2021-05-05 10:30:00,129.9959,7.2999554
2021-05-05 10:45:00,136.7004,7.595075
2021-05-05 11:00:00,143.5938,7.748973
2021-05-05 11:15:00,150.5009,7.9083276
2021-05-05 11:30:00,156.9532,8.177015
2021-05-05 11:45:00,162.7192,8.601168
2021-05-05 12:00:00,167.4893,8.940537
2021-05-05 12:15:00,172.553,9.333285
2021-05-05 12:30:00,177.3176,9.764857
2021-05-05 12:45:00,180.6306,10.180578
2021-05-05 13:00:00,182.8661,10.615159
2021-05-05 13:15:00,184.3276,11.033666
2021-05-05 13:30:00,185.2018,11.403121
2021-05-05 13:45:00,185.7073,11.605424
2021-05-05 14:00:00,185.9872,11.790149
2021-05-05 14:15:00,186.1345,11.952843
2021-05-05 14:30:00,186.2044,12.091954
2021-05-05 14:45:00,186.2341,12.21405
2021-05-05 15:00:00,186.2435,12.364029
2021-05-05 15:15:00,186.239,12.459162
2021-05-05 15:30:00,186.2152,12.591028
2021-05-05 15:45:00,186.1529,12.731071
2021-05-05 16:00:00,186.0171,12.800792
2021-05-05 16:15:00,185.7457,12.861501
2021-05-05 16:30:00,185.2973,13.031275
2021-05-05 16:45:00,184.5925,13.158251
2021-05-05 17:00:00,183.5227,13.082077
2021-05-05 17:15:00,181.9407,12.905394
2021-05-05 17:30:00,179.6111,12.736055
2021-05-05 17:45:00,176.2481,12.620962
2021-05-05 18:00:00,171.4129,12.517792
2021-05-05 18:15:00,166.8206,12.249478
2021-05-05 18:30:00,161.8469,11.922834
2021-05-05 18:45:00,155.705,11.790323
2021-05-05 19:00:00,148.5596,11.558957
2021-05-05 19:15:00,140.6217,10.250275
2021-05-05 19:30:00,132.3339,9.82838
2021-05-05 19:45:00,123.9198,8.8119
2021-05-05 20:00:00,115.5665,7.499376
2021-05-05 20:15:00,107.3973,6.305903
2021-05-05 20:30:00,99.5325,5.9684463
2021-05-05 20:45:00,92.0636,6.461556
2021-05-05 21:00:00,84.9772,6.707854
2021-05-05 21:15:00,78.376,6.031633
2021-05-05 21:30:00,72.3111,4.990312
2021-05-05 21:45:00,66.8131,5.448822
2021-05-05 22:00:00,61.7868,5.94622
2021-05-05 22:15:00,57.2282,6.226466
2021-05-05 22:30:00,52.8923,6.2289147
2021-05-05 22:45:00,48.8004,6.044311
2021-05-05 23:00:00,44.933,5.902586
2021-05-05 23:15:00,41.2724,5.677187
2021-05-05 23:30:00,37.8035,5.603828
2021-05-05 23:45:00,34.5135,5.4807
2021-05-06 00:00:00,28.1654,5.8043933
2021-05-06 00:15:00,25.8247,6.3922276
2021-05-06 00:30:00,23.6513,6.249334
2021-05-06 00:45:00,21.6525,5.845039
2021-05-06 01:00:00,19.7949,5.6273375
2021-05-06 01:15:00,18.0759,5.5004888
2021-05-06 01:30:00,16.523,5.439088
2021-05-06 01:45:00,15.1252,5.387657
2021-05-06 02:00:00,13.8863,5.3152714
2021-05-06 02:15:00,12.781,5.2705727
2021-05-06 02:30:00,11.8078,5.1545296
2021-05-06 02:45:00,10.9647,5.0834494
2021-05-06 03:00:00,10.2386,5.0057135
2021-05-06 03:15:00,9.6131,4.9549136
2021-05-06 03:30:00,9.1131,4.9326105
2021-05-06 03:45:00,8.7347,4.76891
2021-05-06 04:00:00,8.4654,4.6220193
2021-05-06 04:15:00,8.3005,4.53065
2021-05-06 04:30:00,8.1949,4.4881644
2021-05-06 04:45:00,8.1528,4.4516416
2021-05-06 05:00:00,8.1686,4.4097776
2021-05-06 05:15:00,8.2423,4.371617
2021-05-06 05:30:00,8.3535,4.357531
2021-05-06 05:45:00,8.4975,4.3508058
2021-05-06 06:00:00,8.6588,4.125912
2021-05-06 06:15:00,8.8381,3.986072
2021-05-06 06:30:00,9.102,3.8771327
2021-05-06 06:45:00,9.4487,3.9183989
2021-05-06 07:00:00,9.8712,4.1542263
2021-05-06 07:15:00,10.3745,4.0438337
2021-05-06 07:30:00,10.8975,3.862445
2021-05-06 07:45:00,11.4349,4.2158785
2021-05-06 08:00:00,11.9679,3.9023526
2021-05-06 08:15:00,12.4888,3.4473646
2021-05-06 08:30:00,13.0368,3.1159494
2021-05-06 08:45:00,13.5993,2.9140143
2021-05-06 09:00:00,14.1414,2.877777
2021-05-06 09:15:00,14.6534,2.9723535
2021-05-06 09:30:00,15.2973,2.9619513
2021-05-06 09:45:00,16.0373,2.8501887
2021-05-06 10:00:00,16.8498,2.5615854
2021-05-06 10:15:00,17.6659,2.2891493
2021-05-06 10:30:00,18.4157,2.246088
2021-05-06 10:45:00,19.0566,2.432686
2021-05-06 11:00:00,19.5703,2.6583257
2021-05-06 11:15:00,19.9215,2.788946
2021-05-06 11:30:00,20.1399,2.801592
2021-05-06 11:45:00,20.2039,2.9132633
2021-05-06 12:00:00,20.1308,3.1097102
2021-05-06 12:15:00,19.9305,3.2481847
2021-05-06 12:30:00,19.7318,3.338075
2021-05-06 12:45:00,19.5345,3.3661757
2021-05-06 13:00:00,19.3742,3.415143
2021-05-06 13:15:00,19.2768,3.589831
2021-05-06 13:30:00,19.0566,3.8039865
2021-05-06 13:45:00,18.7688,3.9399168
2021-05-06 14:00:00,18.4499,4.0569286
2021-05-06 14:15:00,18.1604,4.199669
2021-05-06 14:30:00,17.8491,4.273141
2021-05-06 14:45:00,17.5499,4.3797784
2021-05-06 15:00:00,17.2871,4.5042024
2021-05-06 15:15:00,17.0755,4.6147766
2021-05-06 15:30:00,17.0351,4.579198
2021-05-06 15:45:00,17.2055,4.599839
2021-05-06 16:00:00,17.5913,4.895497
2021-05-06 16:15:00,18.2197,4.952662
2021-05-06 16:30:00,18.9341,4.9935207
2021-05-06 16:45:00,19.7318,5.0076394
2021-05-06 17:00:00,20.5822,4.9933543
2021-05-06 17:15:00,21.4792,5.101242
2021-05-06 17:30:00,22.3662,5.3201575
2021-05-06 17:45:00,23.1895,5.424224
2021-05-06 18:00:00,23.8796,5.391167
2021-05-06 18:15:00,24.3944,5.3174467
2021-05-06 18:30:00,24.9178,5.1781726
2021-05-06 18:45:00,25.4392,4.881743
2021-05-06 19:00:00,25.9914,4.4979405
2021-05-06 19:15:00,26.5644,3.9510834
2021-05-06 19:30:00,27.0093,2.534822
2021-05-06 19:45:00,27.3092,2.564458
2021-05-06 20:00:00,27.4252,2.430793
2021-05-06 20:15:00,27.3788,2.266418
2021-05-06 20:30:00,27.1935,2.1163032
2021-05-06 20:45:00,26.9061,2.0530808
2021-05-06 21:00:00,26.5644,1.9634597
2021-05-06 21:15:00,26.2037,1.7525798
2021-05-06 21:30:00,25.8802,1.6519707
2021-05-06 21:45:00,25.6479,1.8023641
2021-05-06 22:00:00,25.5598,2.828624
2021-05-06 22:15:00,25.6479,4.4369864
2021-05-06 22:30:00,25.7141,4.7593164
2021-05-06 22:45:00,25.7583,4.9694037
2021-05-06 23:00:00,25.7251,5.190315
2021-05-06 23:15:00,25.6038,6.093332
2021-05-06 23:30:00,25.3954,7.015996
2021-05-06 23:45:00,25.0798,7.3024364
2021-05-07 00:00:00,25.9468,7.405981
2021-05-07 00:15:00,26.0359,7.45609
2021-05-07 00:30:00,26.0471,7.5349727
2021-05-07 00:45:00,25.9802,7.3596625
2021-05-07 01:00:00,25.8358,7.452838
2021-05-07 01:15:00,25.6038,7.3889847
2021-05-07 01:30:00,25.3517,7.1696343
2021-05-07 01:45:00,25.0365,7.0805907
2021-05-07 02:00:00,24.6497,6.742519
2021-05-07 02:15:00,24.1517,6.53186
2021-05-07 02:30:00,23.5996,6.3305683
2021-05-07 02:45:00,22.9664,6.2352223
2021-05-07 03:00:00,22.2674,6.4508157
2021-05-07 03:15:00,21.508,6.3163304
2021-05-07 03:30:00,20.778,6.1130614
2021-05-07 03:45:00,20.076,5.802779
2021-05-07 04:00:00,19.392,5.703335
2021-05-07 04:15:00,18.7514,5.7556934
2021-05-07 04:30:00,18.1604,5.840585
2021-05-07 04:45:00,17.6493,6.0658975
2021-05-07 05:00:00,17.2462,6.308737
2021-05-07 05:15:00,16.9543,6.569481
2021-05-07 05:30:00,16.7537,6.886102
2021-05-07 05:45:00,16.6739,6.9388013
2021-05-07 06:00:00,16.7377,6.929325
2021-05-07 06:15:00,16.9463,7.021974
2021-05-07 06:30:00,17.1811,7.2757525
2021-05-07 06:45:00,17.4346,7.444532
2021-05-07 07:00:00,17.7157,7.465638
2021-05-07 07:15:00,18.0506,7.3713055
2021-05-07 07:30:00,18.3815,7.24349
2021-05-07 07:45:00,18.7341,7.232519
2021-05-07 08:00:00,19.118,6.93515
2021-05-07 08:15:00,19.5256,6.600266
2021-05-07 08:30:00,19.9305,6.2101192
2021-05-07 08:45:00,20.3141,5.7153025
2021-05-07 09:00:00,20.6752,5.835989
2021-05-07 09:15:00,20.9752,6.4222817
2021-05-07 09:30:00,21.2593,6.308888
2021-05-07 09:45:00,21.508,6.229167
2021-05-07 10:00:00,21.7298,6.3491364
2021-05-07 10:15:00,21.9046,6.5754676
2021-05-07 10:30:00,22.2082,6.7783628
2021-05-07 10:45:00,22.6648,6.843978
2021-05-07 11:00:00,23.2711,6.7487707
2021-05-07 11:15:00,24.0363,6.736668
2021-05-07 11:30:00,24.9394,6.714258
2021-05-07 11:45:00,25.9802,6.6510305
2021-05-07 12:00:00,27.1704,6.7753296
2021-05-07 12:15:00,28.5234,7.0177336
2021-05-07 12:30:00,29.9672,7.0807676
2021-05-07 12:45:00,31.521,6.9485207
2021-05-07 13:00:00,33.1792,6.806472
2021-05-07 13:15:00,34.9629,6.8361835
2021-05-07 13:30:00,36.8223,7.0431232
2021-05-07 13:45:00,38.744,7.214763
2021-05-07 14:00:00,40.7439,7.234744
2021-05-07 14:15:00,42.7739,7.162648
2021-05-07 14:30:00,44.8299,7.0788317
2021-05-07 14:45:00,46.8542,7.015859
2021-05-07 15:00:00,48.837,7.0552106
2021-05-07 15:15:00,50.7688,7.193777
2021-05-07 15:30:00,52.3699,7.3725944
2021-05-07 15:45:00,53.6143,7.577226
2021-05-07 16:00:00,54.4821,7.7462697
2021-05-07 16:15:00,54.9198,7.830765
2021-05-07 16:30:00,55.0996,7.8249183
2021-05-07 16:45:00,54.9797,7.8013525
2021-05-07 17:00:00,54.5615,7.719761
2021-05-07 17:15:00,53.85,7.64111
2021-05-07 17:30:00,52.8728,7.571193
2021-05-07 17:45:00,51.622,7.4786086
2021-05-07 18:00:00,50.1125,7.289584
2021-05-07 18:15:00,48.3991,7.070311
2021-05-07 18:30:00,46.6947,6.7879376
2021-05-07 18:45:00,45.019,6.494681
2021-05-07 19:00:00,43.3562,6.193636
2021-05-07 19:15:00,41.7087,5.6640425
2021-05-07 19:30:00,40.2839,4.6332064
2021-05-07 19:45:00,39.0821,3.9475608
2021-05-07 20:00:00,38.0747,4.1986675
2021-05-07 20:15:00,37.251,4.3949943
2021-05-07 20:30:00,36.6315,4.48282
2021-05-07 20:45:00,36.1795,4.6003428
2021-05-07 21:00:00,35.9047,4.786564
2021-05-07 21:15:00,35.7895,5.0182533
2021-05-07 21:30:00,35.7032,5.8982596
2021-05-07 21:45:00,35.6459,6.1932
2021-05-07 22:00:00,35.6029,6.2019978
2021-05-07 22:15:00,35.5599,6.2758536
2021-05-07 22:30:00,35.36,6.287561
2021-05-07 22:45:00,34.977,6.358357
2021-05-07 23:00:00,34.4297,6.4211907
2021-05-07 23:15:00,33.6969,6.4475403
2021-05-07 23:30:00,32.8018,6.4387846
2021-05-07 23:45:00,31.7686,6.3363414
2021-05-08 00:00:00,28.8125,7.2786083
2021-05-08 00:15:00,27.5417,7.1586204
2021-05-08 00:30:00,26.316,6.7197204
2021-05-08 00:45:00,25.1015,6.3088365
2021-05-08 01:00:00,23.9213,6.0594454
2021-05-08 01:15:00,22.7549,6.056226
2021-05-08 01:30:00,21.6815,6.176792
2021-05-08 01:45:00,20.6846,6.2012973
2021-05-08 02:00:00,19.7408,6.15842
2021-05-08 02:15:00,18.8469,5.961351
2021-05-08 02:30:00,17.9917,5.780836
2021-05-08 02:45:00,17.1729,5.760528
2021-05-08 03:00:00,16.4046,5.816979
2021-05-08 03:15:00,15.6681,5.8635163
2021-05-08 03:30:00,15.0286,5.8921785
2021-05-08 03:45:00,14.479,5.9731493
2021-05-08 04:00:00,14.0134,6.01431
2021-05-08 04:15:00,13.6411,5.9787207
2021-05-08 04:30:00,13.2956,5.9982
2021-05-08 04:45:00,12.9827,5.961067
2021-05-08 05:00:00,12.7209,5.910613
2021-05-08 05:15:00,12.502,5.8153954
2021-05-08 05:30:00,12.3377,5.74555
2021-05-08 05:45:00,12.2332,5.859998
2021-05-08 06:00:00,12.1877,6.03845
2021-05-08 06:15:00,12.2137,6.03287
2021-05-08 06:30:00,12.2462,6.014387
2021-05-08 06:45:00,12.2919,5.821897
2021-05-08 07:00:00,12.3442,5.3467283
2021-05-08 07:15:00,12.4098,4.952236
2021-05-08 07:30:00,12.4427,5.358104
2021-05-08 07:45:00,12.4493,6.1512623
2021-05-08 08:00:00,12.423,6.630276
2021-05-08 08:15:00,12.3508,6.563229
2021-05-08 08:30:00,12.2658,6.3864813
2021-05-08 08:45:00,12.1487,6.212635
2021-05-08 09:00:00,12.0,6.187549
2021-05-08 09:15:00,11.8014,6.136581
2021-05-08 09:30:00,11.6426,6.104344
2021-05-08 09:45:00,11.5102,5.951117
2021-05-08 10:00:00,11.4099,5.7552733
2021-05-08 10:15:00,11.3287,5.631298
2021-05-08 10:30:00,11.3537,5.5622087
2021-05-08 10:45:00,11.4788,5.5689626
2021-05-08 11:00:00,11.7123,5.5920043
2021-05-08 11:15:00,12.0581,5.645451
2021-05-08 11:30:00,12.4888,5.7696314
2021-05-08 11:45:00,13.0165,5.9306507
2021-05-08 12:00:00,13.648,6.109756
2021-05-08 12:15:00,14.4067,6.163936
2021-05-08 12:30:00,15.2523,6.19482
2021-05-08 12:45:00,16.2007,6.22526
2021-05-08 13:00:00,17.2789,6.2628255
2021-05-08 13:15:00,18.5271,6.2992673
2021-05-08 13:30:00,19.8219,6.2825327
2021-05-08 13:45:00,21.1833,6.167892
2021-05-08 14:00:00,22.6248,5.969647
2021-05-08 14:15:00,24.1622,5.8323197
2021-05-08 14:30:00,25.7472,5.8009377
2021-05-08 14:45:00,27.3788,5.8814178
2021-05-08 15:00:00,29.0551,6.0197344
2021-05-08 15:15:00,30.7617,6.133946
2021-05-08 15:30:00,32.4013,6.175054
2021-05-08 15:45:00,33.9168,6.172203
2021-05-08 16:00:00,35.2604,6.166359
2021-05-08 16:15:00,36.3976,6.1499586
2021-05-08 16:30:00,37.3699,6.153292
2021-05-08 16:45:00,38.1806,6.1547956
2021-05-08 17:00:00,38.8053,6.166049
2021-05-08 17:15:00,39.2521,6.21661
2021-05-08 17:30:00,39.5314,6.30051
2021-05-08 17:45:00,39.6404,6.392207
2021-05-08 18:00:00,39.547,6.330147
2021-05-08 18:15:00,39.2985,6.0951624
2021-05-08 18:30:00,39.0051,5.801312
2021-05-08 18:45:00,38.7593,5.5161424
2021-05-08 19:00:00,38.5758,5.206758
2021-05-08 19:15:00,38.4996,4.8070126
2021-05-08 19:30:00,38.5301,3.7781012
2021-05-08 19:45:00,38.6828,3.5917895
2021-05-08 20:00:00,38.9743,3.922954
2021-05-08 20:15:00,39.4226,4.186776
2021-05-08 20:30:00,40.0318,4.3340836
2021-05-08 20:45:00,40.8396,4.3840184
2021-05-08 21:00:00,41.855,4.566418
2021-05-08 21:15:00,43.1392,4.8493
2021-05-08 21:30:00,44.4537,5.3523793
2021-05-08 21:45:00,45.7638,5.738424
2021-05-08 22:00:00,47.0141,5.5685534
2021-05-08 22:15:00,48.1813,5.4708457
2021-05-08 22:30:00,49.0387,5.463619
2021-05-08 22:45:00,49.5179,5.503811
2021-05-08 23:00:00,49.4994,5.483314
2021-05-08 23:15:00,48.947,5.4879475
2021-05-08 23:30:00,47.9823,5.457122
2021-05-08 23:45:00,46.6063,5.4481177
2021-05-09 00:00:00,46.9845,6.617068
2021-05-09 00:15:00,45.8711,6.619069
2021-05-09 00:30:00,44.4092,6.3197637
2021-05-09 00:45:00,42.6284,5.676597
2021-05-09 01:00:00,40.5495,5.27187
2021-05-09 01:15:00,38.2613,5.0139823
2021-05-09 01:30:00,35.9597,5.077693
2021-05-09 01:45:00,33.6748,5.1433983
2021-05-09 02:00:00,31.3825,4.922136
2021-05-09 02:15:00,29.1024,4.4462214
2021-05-09 02:30:00,26.9166,4.1623044
2021-05-09 02:45:00,24.8165,3.953198
2021-05-09 03:00:00,22.7756,3.6789129
2021-05-09 03:15:00,20.7909,3.4148388
2021-05-09 03:30:00,19.0693,3.1818163
2021-05-09 03:45:00,17.5495,3.0040243
2021-05-09 04:00:00,16.2188,2.7571256
2021-05-09 04:15:00,15.0523,2.3612657
2021-05-09 04:30:00,14.0637,1.8549913
2021-05-09 04:45:00,13.2338,1.4537697
2021-05-09 05:00:00,12.5422,1.3222094
2021-05-09 05:15:00,11.966,1.2636929
2021-05-09 05:30:00,11.5041,1.4020139
2021-05-09 05:45:00,11.1449,1.7387311
2021-05-09 06:00:00,10.8785,2.2120802
2021-05-09 06:15:00,10.6906,2.7125123
2021-05-09 06:30:00,10.6146,2.9530752
2021-05-09 06:45:00,10.6555,2.8118958
2021-05-09 07:00:00,10.8079,2.5548172
2021-05-09 07:15:00,11.0796,2.4078975
2021-05-09 07:30:00,11.3359,2.3086815
2021-05-09 07:45:00,11.5766,2.8600707
2021-05-09 08:00:00,11.801,2.0583928
2021-05-09 08:15:00,12.0213,1.4865553
2021-05-09 08:30:00,12.2247,2.2079408
2021-05-09 08:45:00,12.4235,2.749602
2021-05-09 09:00:00,12.63,2.8323653
2021-05-09 09:15:00,12.8509,2.5929801
2021-05-09 09:30:00,12.9524,2.5050206
2021-05-09 09:45:00,12.9779,2.4479766
2021-05-09 10:00:00,12.9588,2.5307274
2021-05-09 10:15:00,12.927,2.5771852
2021-05-09 10:30:00,12.8255,2.5096421
2021-05-09 10:45:00,12.674,2.4454489
2021-05-09 11:00:00,12.4796,2.407888
2021-05-09 11:15:00,12.2557,2.3358104
2021-05-09 11:30:00,12.009,2.2658443
2021-05-09 11:45:00,11.7402,2.2603142
2021-05-09 12:00:00,11.45,2.195115
2021-05-09 12:15:00,11.1271,2.2422621
2021-05-09 12:30:00,10.8255,2.4645581
2021-05-09 12:45:00,10.5563,2.666777
2021-05-09 13:00:00,10.3127,2.83575
2021-05-09 13:15:00,10.1055,2.942664
2021-05-09 13:30:00,10.0483,2.9716632
2021-05-09 13:45:00,10.1055,3.0610259
2021-05-09 14:00:00,10.2435,3.200158
2021-05-09 14:15:00,10.4285,3.4163475
2021-05-09 14:30:00,10.6497,3.6034415
2021-05-09 14:45:00,10.8962,3.9133446
2021-05-09 15:00:00,11.1568,3.9091535
2021-05-09 15:15:00,11.4139,3.5020986
2021-05-09 15:30:00,11.6552,3.255886
2021-05-09 15:45:00,11.8926,3.2368994
2021-05-09 16:00:00,12.1505,3.059621
2021-05-09 16:15:00,12.4547,2.7308424
2021-05-09 16:30:00,12.7497,2.4029832
2021-05-09 16:45:00,13.048,2.2670782
2021-05-09 17:00:00,13.3628,2.3980381
2021-05-09 17:15:00,13.701,2.5117676
2021-05-09 17:30:00,14.0703,2.3052847
2021-05-09 17:45:00,14.4923,2.1650708
2021-05-09 18:00:00,14.9833,2.362938
2021-05-09 18:15:00,15.5405,2.9629831
2021-05-09 18:30:00,16.0169,3.8149145
2021-05-09 18:45:00,16.4077,4.2151084
2021-05-09 19:00:00,16.7159,4.3508058
2021-05-09 19:15:00,16.9459,4.187613
2021-05-09 19:30:00,17.1179,3.4369106
2021-05-09 19:45:00,17.2082,1.9339147
2021-05-09 20:00:00,17.2082,1.5703379
2021-05-09 20:15:00,17.0804,1.5818323
2021-05-09 20:30:00,16.9161,1.8892872
2021-05-09 20:45:00,16.6938,2.6762245
2021-05-09 21:00:00,16.4077,4.817041
2021-05-09 21:15:00,16.0456,4.3455873
2021-05-09 21:30:00,15.6817,3.9389803
2021-05-09 21:45:00,15.3161,4.888596
2021-05-09 22:00:00,14.9627,4.7892013
2021-05-09 22:15:00,14.6074,4.0969596
2021-05-09 22:30:00,14.4788,3.9415853
2021-05-09 22:45:00,14.5667,2.4738722
2021-05-09 23:00:00,14.8802,0.7827167
2021-05-09 23:15:00,15.4351,3.3541825
2021-05-09 23:30:00,16.2115,4.083993
2021-05-09 23:45:00,17.2383,5.131968
2021-05-10 00:00:00,19.5198,4.3811994
2021-05-10 00:15:00,20.635,4.6234784
2021-05-10 00:30:00,21.7466,4.7838993
2021-05-10 00:45:00,22.8507,4.637062
2021-05-10 01:00:00,23.9527,4.7383666
2021-05-10 01:15:00,25.0391,4.8239202
2021-05-10 01:30:00,26.2105,4.5811105
2021-05-10 01:45:00,27.4407,4.488976
2021-05-10 02:00:00,28.7332,4.527303
2021-05-10 02:15:00,30.0318,4.6587977
2021-05-10 02:30:00,31.1969,4.200799
2021-05-10 02:45:00,32.2237,3.6674538
2021-05-10 03:00:00,33.0979,3.5558074
2021-05-10 03:15:00,33.7806,3.342029
2021-05-10 03:30:00,34.1399,3.4994066
2021-05-10 03:45:00,34.1801,4.2272315
2021-05-10 04:00:00,33.8734,4.531887
2021-05-10 04:15:00,33.2544,4.5111904
2021-05-10 04:30:00,32.4403,4.551932
2021-05-10 04:45:00,31.4198,4.6439376
2021-05-10 05:00:00,30.2353,4.6545763
2021-05-10 05:15:00,28.8827,4.4911933
2021-05-10 05:30:00,27.4737,4.4675536
2021-05-10 05:45:00,26.0312,4.9940553
2021-05-10 06:00:00,24.5856,5.029108
2021-05-10 06:15:00,23.1529,4.605204
2021-05-10 06:30:00,22.0001,4.287539
2021-05-10 06:45:00,21.1232,4.0231576
2021-05-10 07:00:00,20.5402,3.6486957
2021-05-10 07:15:00,20.2493,3.2671192
2021-05-10 07:30:00,20.3175,4.018563
2021-05-10 07:45:00,20.7475,4.1342196
2021-05-10 08:00:00,21.549,3.6973298
2021-05-10 08:15:00,22.7569,3.318226
2021-05-10 08:30:00,24.3664,4.3474755
2021-05-10 08:45:00,26.4334,6.122605
2021-05-10 09:00:00,29.0097,7.3028145
2021-05-10 09:15:00,32.1603,8.320934
2021-05-10 09:30:00,35.8479,8.9028015
2021-05-10 09:45:00,40.1473,9.375722
2021-05-10 10:00:00,45.1183,9.783026
2021-05-10 10:15:00,50.7739,9.836387
2021-05-10 10:30:00,56.6275,9.585061
2021-05-10 10:45:00,62.467,9.38819
2021-05-10 11:00:00,68.09,9.217345
2021-05-10 11:15:00,73.306,8.962443
2021-05-10 11:30:00,78.0282,8.560876
2021-05-10 11:45:00,82.1149,8.146526
2021-05-10 12:00:00,85.5443,7.8208904
2021-05-10 12:15:00,88.2633,7.5262322
2021-05-10 12:30:00,90.2882,7.250655
2021-05-10 12:45:00,91.595,7.0717773
2021-05-10 13:00:00,92.1967,6.9414544
2021-05-10 13:15:00,92.0872,6.780028
2021-05-10 13:30:00,91.3494,6.6915703
2021-05-10 13:45:00,90.0712,6.7426867
2021-05-10 14:00:00,88.2633,6.8565693
2021-05-10 14:15:00,86.1007,6.8628764
2021-05-10 14:30:00,83.4937,6.780423
2021-05-10 14:45:00,80.5946,6.7823844
2021-05-10 15:00:00,77.4755,6.8535085
2021-05-10 15:15:00,74.2559,6.996893
2021-05-10 15:30:00,71.0236,7.1194916
2021-05-10 15:45:00,67.8126,7.1616035
2021-05-10 16:00:00,64.6766,7.1247296
2021-05-10 16:15:00,61.5765,7.04155
2021-05-10 16:30:00,58.5834,7.0854197
2021-05-10 16:45:00,55.7584,7.0586834
2021-05-10 17:00:00,53.1533,7.020144
2021-05-10 17:15:00,50.7739,6.9844203
2021-05-10 17:30:00,48.6778,6.897229
2021-05-10 17:45:00,46.8617,6.7205353
2021-05-10 18:00:00,45.2884,6.494042
2021-05-10 18:15:00,43.9416,6.302341
2021-05-10 18:30:00,42.8395,6.1318502
2021-05-10 18:45:00,41.9842,5.871301
2021-05-10 19:00:00,41.3325,5.681225
2021-05-10 19:15:00,40.8455,5.2936134
2021-05-10 19:30:00,40.4408,4.633368
2021-05-10 19:45:00,40.1165,3.5709047
2021-05-10 20:00:00,39.8862,3.2784271
2021-05-10 20:15:00,39.7486,3.3452613
2021-05-10 20:30:00,39.7028,3.7242534
2021-05-10 20:45:00,39.7333,4.641637
2021-05-10 21:00:00,39.8403,4.601439
2021-05-10 21:15:00,40.0242,4.485528
2021-05-10 21:30:00,40.0703,4.7732325
2021-05-10 21:45:00,40.0089,5.3844686
2021-05-10 22:00:00,39.8403,5.766562
2021-05-10 22:15:00,39.5504,5.956759
2021-05-10 22:30:00,39.1417,6.103158
2021-05-10 22:45:00,38.6025,5.8927627
2021-05-10 23:00:00,37.9521,5.3863993
2021-05-10 23:15:00,37.1813,5.0151296
2021-05-10 23:30:00,36.2689,4.8081355
2021-05-10 23:45:00,35.2521,4.5075655
2021-05-11 00:00:00,31.8572,3.8974755
2021-05-11 00:15:00,29.9842,3.9807644
2021-05-11 00:30:00,28.0635,4.0608916
2021-05-11 00:45:00,26.1154,4.291556
2021-05-11 01:00:00,24.1884,5.0222507
2021-05-11 01:15:00,22.2929,5.502315
2021-05-11 01:30:00,20.523,5.5097322
2021-05-11 01:45:00,18.8671,5.5465965
2021-05-11 02:00:00,17.3139,5.3309407
2021-05-11 02:15:00,15.8666,5.4926295
2021-05-11 02:30:00,14.5058,5.757163
2021-05-11 02:45:00,13.221,5.96241
2021-05-11 03:00:00,12.009,6.0331283
2021-05-11 03:15:00,10.8667,5.9591117
2021-05-11 03:30:00,9.8373,5.934632
2021-05-11 03:45:00,8.9202,5.913097
2021-05-11 04:00:00,8.111,5.9516006
2021-05-11 04:15:00,7.407,6.0115247
2021-05-11 04:30:00,6.8272,6.057133
2021-05-11 04:45:00,6.3648,6.1422443
2021-05-11 05:00:00,6.0046,6.172537
2021-05-11 05:15:00,5.7426,6.249041
2021-05-11 05:30:00,5.5613,6.334184
2021-05-11 05:45:00,5.4688,6.340904
2021-05-11 06:00:00,5.4639,6.2627597
2021-05-11 06:15:00,5.5467,6.235984
2021-05-11 06:30:00,5.6543,6.22005
2021-05-11 06:45:00,5.7918,6.3833227
2021-05-11 07:00:00,5.955,6.440325
2021-05-11 07:15:00,6.1541,6.4130006
2021-05-11 07:30:00,6.3447,6.442033
2021-05-11 07:45:00,6.5418,6.1142673
2021-05-11 08:00:00,6.7402,6.2451754
2021-05-11 08:15:00,6.9453,5.999393
2021-05-11 08:30:00,7.1571,5.667825
2021-05-11 08:45:00,7.3809,4.964338
2021-05-11 09:00:00,7.617,4.256325
2021-05-11 09:15:00,7.8815,3.6919706
2021-05-11 09:30:00,8.1592,3.0716977
2021-05-11 09:45:00,8.4558,2.397443
