,ec_wind_speed_error_10m,gfs_wind_speed_error_10m,ec_wind_speed_error_30m,gfs_wind_speed_error_30m,ec_wind_speed_error_50m,gfs_wind_speed_error_50m,ec_wind_speed_error_70m,gfs_wind_speed_error_70m,ec_temperature_error_10m,gfs_temperature_error_10m,obs_wind_speed_10m,obs_wind_speed_30m,obs_wind_speed_50m,obs_wind_speed_70m,obs_temperature_10m,obs_wind_dir_sin_10m,obs_wind_dir_cos_10m,obs_wind_dir_sin_30m,obs_wind_dir_cos_30m,obs_wind_dir_sin_50m,obs_wind_dir_cos_50m,obs_wind_dir_sin_70m,obs_wind_dir_cos_70m,ec_wind_speed_10m,ec_wind_speed_30m,ec_wind_speed_50m,ec_wind_speed_70m,ec_wind_direction_10m,ec_wind_direction_30m,ec_wind_direction_50m,ec_wind_direction_70m,ec_temperature_10m,gfs_wind_speed_10m,gfs_wind_speed_30m,gfs_wind_speed_50m,gfs_wind_speed_70m,gfs_wind_direction_10m,gfs_wind_direction_30m,gfs_wind_direction_50m,gfs_wind_direction_70m,gfs_temperature_10m,power
ec_wind_speed_error_10m,0.0,0.0,0.0,0.0,0.0,0.0,0.0,0.0,0.056149137269991774,1.2014920737853893e-22,0.0,0.0,0.0,0.0,1.313441406901922e-06,0.1519437553036426,2.203187539758051e-30,9.950641310686957e-221,2.161092785107059e-62,1.2127424975681371e-89,2.1901044700844056e-184,7.939013420280028e-196,2.4334138401780086e-169,0.0,0.0,0.0,0.0,5.254488852540022e-159,3.8447776170659e-155,8.38923851867984e-134,2.0659739831526095e-108,0.000153355116956155,1.5018931202188143e-78,3.258671982439035e-98,5.830859642946907e-73,1.3317269560964132e-55,5.243512562485735e-32,1.6295785177388575e-31,4.4257425997709875e-29,2.3737467586471097e-26,0.0033526383159330963,0.0
gfs_wind_speed_error_10m,0.0,0.0,0.0,0.0,0.0,0.0,0.0,0.0,7.92140433293981e-10,4.693035736114327e-51,0.0,0.0,0.0,0.0,1.9192032871770746e-43,6.018501300136844e-07,1.8853676607628793e-181,6.176155256433283e-50,1.402998460761638e-85,9.499909659122785e-19,0.0,1.135466515726918e-29,0.0,5.103783344109248e-193,2.4442867030814486e-156,2.5032754481473523e-163,4.0291917525196883e-162,0.0,0.0,0.0,0.0,4.681846855302159e-50,0.0,0.0,0.0,0.0,0.0,0.0,0.0,0.0,7.426420239219292e-36,0.0
ec_wind_speed_error_30m,0.0,0.0,0.0,0.0,0.0,0.0,0.0,0.0,4.077362117756937e-56,1.5376596063634953e-32,0.0,0.0,0.0,0.0,1.091507353632912e-86,0.3027278471084688,5.434440017100414e-42,1.1023884883529949e-150,0.43904388735706557,8.156929537388758e-69,0.0,7.465562317042675e-215,0.0,0.0,0.0,0.0,0.0,3.648808081638347e-288,2.0211526286855385e-284,8.864549941629196e-258,3.4368415601813225e-226,1.8546202344700964e-107,0.0,0.0,0.0,0.0,7.800475543201714e-54,1.9017647405385685e-53,1.8319038030297612e-53,9.944273252464776e-54,1.3280372993932598e-77,1.0317146854920276e-49
gfs_wind_speed_error_30m,0.0,0.0,0.0,0.0,0.0,0.0,0.0,0.0,7.588543954973848e-47,3.453163106647624e-35,0.0,0.0,0.0,0.0,0.46216424727851546,1.099336298611932e-05,8.529456506512072e-203,1.0754646101511481e-28,3.0064266827749837e-254,1.886771771780237e-31,0.0,8.612975516474604e-34,0.0,0.0,0.0,0.0,0.0,0.0,0.0,0.0,0.0,0.5876383484597303,0.0,0.0,0.0,0.0,0.0,0.0,0.0,0.0,0.20700777767347064,2.6503505481791724e-47
ec_wind_speed_error_50m,0.0,0.0,0.0,0.0,0.0,0.0,0.0,0.0,1.5971158592600377e-121,7.062219834298431e-13,0.0,0.0,0.0,0.0,7.630078239376723e-84,0.7241680711654759,8.715929235836425e-110,3.3762205231067006e-186,2.3416162911220473e-08,2.141742388967239e-49,0.0,1.788146094795272e-246,0.0,0.0,0.0,0.0,0.0,0.0,0.0,0.0,0.0,1.3899435212827386e-111,1.5446333317119547e-258,0.0,0.0,0.0,1.248141127204493e-121,3.881620974412582e-121,3.868802509573535e-121,4.4704804692345786e-123,3.2546385484339687e-79,5.554165263073759e-133
gfs_wind_speed_error_50m,0.0,0.0,0.0,0.0,0.0,0.0,0.0,0.0,1.137344659656649e-62,2.954557312430595e-35,0.0,0.0,0.0,0.0,0.006583923660389068,0.014718708671424701,1.1389332343928154e-259,2.2682163645991055e-62,4.6394377977701016e-225,7.52476212011228e-17,0.0,1.2075300126824376e-74,0.0,1.1994872412627828e-187,0.0,0.0,0.0,0.0,0.0,0.0,0.0,3.5578651941206366e-05,0.0,0.0,0.0,0.0,0.0,0.0,0.0,0.0,2.2672294819836795e-06,2.160812582320271e-125
ec_wind_speed_error_70m,0.0,0.0,0.0,0.0,0.0,0.0,0.0,0.0,9.449943789836446e-215,2.1847266253183983e-05,0.0,0.0,0.0,0.0,3.889580842943776e-13,0.0031466698218485406,7.674402938856154e-175,9.825040759280143e-60,1.2449204753786622e-153,0.0001972669255183437,0.0,3.927239717323512e-74,0.0,0.0,0.0,0.0,0.0,0.0,0.0,0.0,0.0,8.14873798157141e-30,0.0,0.0,0.0,0.0,0.0,0.0,0.0,0.0,6.449626794336372e-16,7.656598622430276e-60
gfs_wind_speed_error_70m,0.0,0.0,0.0,0.0,0.0,0.0,0.0,0.0,1.2156095919877217e-85,2.4989589716780624e-81,0.0,0.0,0.0,0.0,5.643589053846308e-07,3.604857325593374e-05,3.5032367933776205e-295,2.1552610706854765e-12,0.0,5.296397095664708e-99,0.0,2.050132320948081e-12,0.0,2.52443134246228e-243,0.0,0.0,0.0,0.0,0.0,0.0,0.0,0.0018965612354744682,0.0,0.0,0.0,0.0,0.0,0.0,0.0,0.0,0.03518069450725725,1.9612046117367813e-63
ec_temperature_error_10m,0.056149137269991774,7.92140433293981e-10,4.077362117756937e-56,7.588543954973848e-47,1.5971158592600377e-121,1.137344659656649e-62,9.449943789836446e-215,1.2156095919877217e-85,0.0,0.0,2.2284971742091392e-187,1.7760063839231377e-64,3.943922796461132e-67,2.71737668893071e-74,0.0,8.762417125689932e-72,1.3474194544783834e-286,0.0,0.0,0.0,9.135058496249994e-170,0.0,2.7784661927914456e-307,1.0488364596266091e-206,1.5869734021050898e-175,4.102849349053999e-275,0.0,1.1362201217483795e-74,6.397756943874511e-76,3.2102168884153656e-82,1.2628657316379725e-82,5.781765602867074e-06,3.744273252762286e-210,3.8697113912385196e-146,1.4911687959129185e-182,2.6589351583508323e-205,1.2268230692817254e-86,4.7176274292695983e-88,1.9330595222342565e-91,2.0944960283131612e-95,3.242680610418827e-26,4.994388746481782e-237
gfs_temperature_error_10m,1.2014920737853893e-22,4.693035736114327e-51,1.5376596063634953e-32,3.453163106647624e-35,7.062219834298431e-13,2.954557312430595e-35,2.1847266253183983e-05,2.498958971677849e-81,0.0,0.0,1.6437422898982806e-236,3.849582948525266e-97,1.493675472473221e-98,1.8854435896447504e-60,0.0,1.1354588138237272e-197,1.6215013309686014e-178,0.0,0.0,0.0,2.93833124705811e-86,0.0,4.873042377920973e-273,1.0467774722943178e-146,5.6448855661506974e-27,5.094856797029619e-48,1.2629341748454407e-63,9.767219741521265e-52,3.5581675100000254e-54,1.3613496053851096e-61,5.1627698314603706e-64,0.0,0.0,3.185509312175316e-189,7.377504857708914e-199,1.9746736590740022e-190,2.2150091689324758e-257,3.935865759642785e-262,7.589288860330192e-274,6.771629473075351e-285,0.0,3.5084196873698384e-218
obs_wind_speed_10m,0.0,0.0,0.0,0.0,0.0,0.0,0.0,0.0,2.2284971742091392e-187,1.6437422898982806e-236,0.0,0.0,0.0,0.0,1.6051854703204173e-07,2.7285135028265396e-20,1.40950531877296e-10,0.0,0.0,0.0,3.1554876498225695e-24,0.0,1.0617468896947776e-07,0.0,0.0,0.0,0.0,1.7773995222777411e-06,4.131200200473189e-07,1.8068244414991466e-08,5.301546312752164e-10,0.4912301352312366,0.0,0.0,0.0,0.0,1.1272914697623508e-07,4.6641637656137426e-07,0.00015815596129294723,0.029117699335473143,0.602300880235398,0.0
obs_wind_speed_30m,0.0,0.0,0.0,0.0,0.0,0.0,0.0,0.0,1.776006383922986e-64,3.849582948525266e-97,0.0,0.0,0.0,0.0,1.0974061831727458e-07,1.658061631287064e-30,5.736442441486723e-45,0.0,1.3843748797506059e-285,1.5085629789829983e-36,3.688651540116518e-167,1.0353671600437453e-124,2.933103281438509e-130,0.0,0.0,0.0,0.0,0.0042263872461324485,0.0074144254104685555,0.022204761394963028,0.04266210318796163,0.0023535969693526154,0.0,0.0,0.0,0.0,5.645424895018975e-57,3.227424329929026e-55,3.7054109972175133e-47,2.6145884441217052e-39,0.040730623226930496,0.0
obs_wind_speed_50m,0.0,0.0,0.0,0.0,0.0,0.0,0.0,0.0,3.943922796461132e-67,1.493675472473221e-98,0.0,0.0,0.0,0.0,8.218038879135036e-09,2.810005100469801e-40,3.811697942143976e-78,0.0,8.549132103070916e-282,8.680125257284819e-51,0.0,1.7965348943148802e-184,1.1113487858659385e-253,0.0,0.0,0.0,0.0,3.819623360611043e-11,1.181914764013473e-10,1.1791978689101408e-09,6.538587337875066e-09,0.0023108733528857932,0.0,0.0,0.0,0.0,9.28650646373961e-82,1.262927278181815e-79,2.802751309743884e-69,3.0079917760299086e-59,0.028513208165504164,0.0
obs_wind_speed_70m,0.0,0.0,0.0,0.0,0.0,0.0,0.0,0.0,2.71737668893071e-74,1.8854435896447504e-60,0.0,0.0,0.0,0.0,0.00883657478218622,5.415426867130108e-32,4.78854669940468e-94,4.76702132880825e-264,9.854848354687222e-129,0.015155640778557442,0.0,5.621687630153468e-66,0.0,0.0,0.0,0.0,0.0,1.48514770882523e-39,1.1921690522186225e-38,8.971539033260437e-37,5.582130028275207e-35,1.1275219758908826e-08,0.0,0.0,0.0,0.0,2.3698604957473447e-166,1.070532305866699e-163,1.320086470434074e-148,6.147688165939125e-133,3.441704491499915e-09,0.0
obs_temperature_10m,1.313441406901922e-06,1.9192032871770746e-43,1.091507353632912e-86,0.46216424727851546,7.630078239376723e-84,0.006583923660389056,3.889580842943776e-13,5.643589053846328e-07,0.0,0.0,1.6051854703204173e-07,1.0974061831727458e-07,8.218038879135097e-09,0.00883657478218622,0.0,0.0,6.952631338764721e-51,2.548619197525234e-73,0.0,0.0,3.4337954685118905e-157,0.0,0.0,0.33119529419168525,2.294093121329068e-25,2.0122303759663307e-26,3.4351602993065036e-26,1.037910192384192e-126,1.6895821315584466e-128,3.666611086174571e-136,4.294255192147226e-141,0.0,4.32405819601874e-61,1.0343091540819591e-05,0.1856404117745054,0.1042173593110613,0.0,0.0,0.0,0.0,0.0,5.481735190772572e-06
obs_wind_dir_sin_10m,0.1519437553036426,6.018501300136844e-07,0.3027278471084688,1.099336298611934e-05,0.7241680711654759,0.014718708671424701,0.0031466698218485406,3.604857325593374e-05,8.762417125689932e-72,1.1354588138237272e-197,2.7285135028265396e-20,1.658061631287064e-30,2.810005100469721e-40,5.415426867130108e-32,0.0,0.0,1.3570312930812758e-58,3.88052220705504e-74,1.561622740091057e-71,1.3683670335145102e-145,0.29974237304041074,1.1587687698702848e-143,1.23380615317169e-07,4.891955861476277e-28,6.499034882622353e-26,1.3272249511353498e-29,6.8506256443263e-34,1.3451810246410475e-05,1.683836551120064e-05,2.691075901007369e-06,1.8985427510051204e-06,0.0,4.603029557776043e-40,2.5131972539708514e-39,1.572261900541709e-38,9.853084005247504e-38,4.957514590470682e-09,5.879295590075425e-10,2.149570091144282e-12,2.8366865795549868e-14,0.0,1.0306223984353488e-16
obs_wind_dir_cos_10m,2.203187539758051e-30,1.8853676607628793e-181,5.434440017100414e-42,8.529456506512072e-203,8.715929235836426e-110,1.1389332343928154e-259,7.674402938856154e-175,3.5032367933756284e-295,1.3474194544783834e-286,1.6215013309686014e-178,1.40950531877296e-10,5.736442441486723e-45,3.811697942143758e-78,4.78854669940427e-94,6.952631338764721e-51,1.3570312930812758e-58,0.0,3.816671684789967e-05,0.0,1.0320103249474324e-218,0.0,0.0006271521928614575,0.0,0.596408621688798,0.15052137202460797,0.12603476751163156,0.00019896841368782886,0.0,0.0,0.0,0.0,4.0915272006109403e-25,2.0136293954090248e-41,3.036324188844117e-29,1.2095856381340188e-29,8.04157872183889e-29,0.0,0.0,0.0,0.0,3.1326393445245324e-27,3.443164965530271e-39
obs_wind_dir_sin_30m,9.950641310683558e-221,6.176155256432843e-50,1.1023884883529949e-150,1.0754646101511481e-28,3.3762205231067006e-186,2.2682163645989116e-62,9.825040759280143e-60,2.1552610706854535e-12,0.0,0.0,0.0,0.0,0.0,4.767021328804996e-264,2.5486191975249437e-73,3.88052220705504e-74,3.816671684789967e-05,0.0,0.0,0.0,5.8314457828598396e-124,0.0,0.0011556895432071035,4.5630825822774304e-184,7.100269492060804e-51,1.2208861532930685e-63,3.132700864978457e-69,1.801160222779086e-05,8.671249129995224e-06,5.2437805537859784e-08,7.671519173779528e-10,1.7753960887631768e-32,0.0,9.049944885160216e-136,3.6789027021333104e-135,3.5260955141050364e-122,9.596063505226443e-50,2.1076558276954007e-51,2.0377990188096888e-55,3.4372587173605918e-62,8.784443620482751e-20,0.0
obs_wind_dir_cos_30m,2.161092785107059e-62,1.402998460761638e-85,0.43904388735706557,3.0064266827763515e-254,2.3416162911220473e-08,4.6394377977701016e-225,1.2449204753786622e-153,0.0,0.0,0.0,0.0,1.3843748797506059e-285,8.54913210306994e-282,9.854848354687222e-129,0.0,1.561622740091057e-71,0.0,0.0,0.0,0.0,0.0,0.0,0.0,0.0,2.4133599759633628e-253,0.0,0.0,0.0,0.0,0.0,0.0,5.838075418580623e-215,0.0,0.0,0.0,0.0,0.0,0.0,0.0,0.0,1.2739772437203729e-183,0.0
obs_wind_dir_sin_50m,1.2127424975681371e-89,9.49990965912258e-19,8.156929537387831e-69,1.8867717717802908e-31,2.141742388967239e-49,7.52476212011228e-17,0.0001972669255183437,5.296397095664106e-99,0.0,0.0,0.0,1.5085629789829983e-36,8.680125257284819e-51,0.01515564077855743,0.0,1.3683670335145102e-145,1.0320103249474324e-218,0.0,0.0,0.0,0.0,0.0,0.0,9.447777968213813e-78,0.5099160132794123,0.0023007450171131207,1.921075000485886e-07,0.0,0.0,0.0,0.0,0.0,0.0,9.271606850633813e-92,3.3910682152524654e-89,5.962222324506112e-76,0.0,0.0,0.0,0.0,0.0,1.1651792892011427e-127
obs_wind_dir_cos_50m,2.1901044700840315e-184,0.0,0.0,0.0,0.0,0.0,0.0,0.0,9.135058496249994e-170,2.93833124705811e-86,3.1554876498225243e-24,3.688651540116098e-167,0.0,0.0,3.4337954685118905e-157,0.29974237304041074,0.0,5.8314457828598396e-124,0.0,0.0,0.0,7.642952057790355e-193,0.0,8.590833337568147e-22,7.047865768461331e-43,2.4976551002471315e-88,3.5989598916860944e-131,0.0,0.0,0.0,0.0,8.77313266835113e-129,0.0,0.0,0.0,0.0,0.0,0.0,0.0,0.0,9.268889235640313e-136,1.0348726850626685e-36
obs_wind_dir_sin_70m,7.939013420280028e-196,1.135466515726918e-29,7.465562317039277e-215,8.612975516474604e-34,1.788146094795272e-246,1.2075300126824376e-74,3.927239717323848e-74,2.050132320948104e-12,0.0,0.0,0.0,1.0353671600437453e-124,1.7965348943148802e-184,5.621687630153468e-66,0.0,1.1587687698702848e-143,0.0006271521928614575,0.0,0.0,0.0,7.642952057790355e-193,0.0,2.845662756102274e-05,1.6849865294668741e-74,0.01795814353616169,0.6575983090170477,0.6889992144399631,0.00011029055622029996,0.0002381775853336563,0.007366166883196657,0.10417638128727681,0.0,5.783038672199836e-226,1.546164223964193e-25,1.708264904775833e-21,3.721068600457356e-14,1.054412283243513e-26,4.593367140655941e-27,3.2776530869995055e-27,9.052705532375681e-29,8.84786189022437e-256,2.098633605289035e-211
obs_wind_dir_cos_70m,2.4334138401780086e-169,0.0,0.0,0.0,0.0,0.0,0.0,0.0,2.7784661927914456e-307,4.8730423779193095e-273,1.0617468896947814e-07,2.933103281438509e-130,1.1113487858659385e-253,0.0,0.0,1.23380615317169e-07,0.0,0.0011556895432071035,0.0,0.0,0.0,2.845662756102274e-05,0.0,2.768809169591643e-41,1.4454784982331756e-38,3.323644202977762e-79,4.5855944319810324e-116,0.0,0.0,0.0,0.0,0.0,0.0,0.0,0.0,0.0,0.0,0.0,0.0,0.0,1.067288267186606e-309,1.9487592022722172e-30
ec_wind_speed_10m,0.0,5.103783344109248e-193,0.0,0.0,0.0,1.1994872412627828e-187,0.0,2.52443134246228e-243,1.0488364596266091e-206,1.0467774722943178e-146,0.0,0.0,0.0,0.0,0.33119529419168525,4.891955861476208e-28,0.596408621688798,4.5630825822774304e-184,0.0,9.447777968213813e-78,8.590833337568147e-22,1.6849865294668741e-74,2.768809169591643e-41,0.0,0.0,0.0,0.0,1.8100093122609117e-126,1.8947393210437208e-126,3.2250608641994005e-116,1.3740243360626362e-101,0.002746528344341172,0.0,0.0,0.0,0.0,0.0995247812480088,0.14952872725942973,0.6402753156126502,0.32262352021732366,0.0003138786872640656,0.0
ec_wind_speed_30m,0.0,2.444286703081448e-156,0.0,0.0,0.0,0.0,0.0,0.0,1.5869734021050898e-175,5.6448855661506156e-27,0.0,0.0,0.0,0.0,2.294093121329134e-25,6.499034882622539e-26,0.15052137202460797,7.100269492060195e-51,2.4133599759633628e-253,0.5099160132794123,7.04786576846103e-43,0.01795814353616169,1.4454784982331756e-38,0.0,0.0,0.0,0.0,1.6244458605817587e-141,4.432766203843567e-141,2.4221618968528377e-129,1.1733836398820663e-113,9.075652206812084e-47,0.0,0.0,0.0,0.0,0.0022220828463113025,0.004457891526779889,0.07226265646038023,0.695214762084946,4.064107545511283e-37,0.0
ec_wind_speed_50m,0.0,2.5032754481466397e-163,0.0,0.0,0.0,0.0,0.0,0.0,4.102849349053999e-275,5.094856797029619e-48,0.0,0.0,0.0,0.0,2.0122303759663307e-26,1.3272249511353498e-29,0.12603476751163162,1.2208861532930685e-63,0.0,0.002300745017113126,2.4976551002474876e-88,0.6575983090170477,3.323644202977762e-79,0.0,0.0,0.0,0.0,5.474669059701517e-186,3.070340210321953e-186,1.2673719704469377e-176,2.6324393913213676e-162,2.623076560149038e-56,0.0,0.0,0.0,0.0,0.37582333187867134,0.26298835419895294,0.0209988819500168,7.320092476004236e-05,5.2488393301665255e-43,0.0
ec_wind_speed_70m,0.0,4.0291917525196883e-162,0.0,0.0,0.0,0.0,0.0,0.0,0.0,1.2629341748453325e-63,0.0,0.0,0.0,0.0,3.4351602993064295e-26,6.8506256443263e-34,0.00019896841368782886,3.132700864978457e-69,0.0,1.921075000485886e-07,3.5989598916860944e-131,0.6889992144399631,4.58559443198051e-116,0.0,0.0,0.0,0.0,1.3514080204492667e-216,1.5139744369691325e-217,2.1486812439575196e-212,3.389331177877479e-202,3.386969494754312e-62,0.0,0.0,0.0,0.0,0.000498628076174824,0.00018984248279984236,4.6212997973375595e-07,6.19040814083052e-12,1.2815213857624524e-45,0.0
ec_wind_direction_10m,5.254488852540022e-159,0.0,3.648808081638762e-288,0.0,0.0,0.0,0.0,0.0,1.1362201217483795e-74,9.767219741521265e-52,1.7773995222777411e-06,0.0042263872461324485,3.819623360611043e-11,1.48514770882523e-39,1.037910192384192e-126,1.3451810246410475e-05,0.0,1.801160222779086e-05,0.0,0.0,0.0,0.00011029055622029996,0.0,1.8100093122609117e-126,1.6244458605817587e-141,5.474669059701517e-186,1.3514080204492667e-216,0.0,0.0,0.0,0.0,4.8316139860288055e-116,0.0,0.0,0.0,0.0,0.0,0.0,0.0,0.0,2.8367932687339552e-120,0.0749713580343034
ec_wind_direction_30m,3.844777617065463e-155,0.0,2.0211526286855385e-284,0.0,0.0,0.0,0.0,0.0,6.397756943874511e-76,3.5581675100000254e-54,4.131200200473189e-07,0.0074144254104685555,1.181914764013473e-10,1.1921690522185886e-38,1.6895821315584466e-128,1.683836551120064e-05,0.0,8.671249129995224e-06,0.0,0.0,0.0,0.00023817758533365628,0.0,1.894739321043937e-126,4.432766203843567e-141,3.070340210321953e-186,1.5139744369691325e-217,0.0,0.0,0.0,0.0,2.2205993049137846e-117,0.0,0.0,0.0,0.0,0.0,0.0,0.0,0.0,3.4312915049874926e-121,0.041572942952692496
ec_wind_direction_50m,8.38923851867984e-134,0.0,8.864549941629196e-258,0.0,0.0,0.0,0.0,0.0,3.2102168884153656e-82,1.3613496053851096e-61,1.8068244414991466e-08,0.022204761394963028,1.1791978689101323e-09,8.97153903326018e-37,3.666611086174571e-136,2.691075901007354e-06,0.0,5.2437805537859605e-08,0.0,0.0,0.0,0.007366166883196656,0.0,3.2250608641994005e-116,2.4221618968528377e-129,1.2673719704469377e-176,2.1486812439575196e-212,0.0,0.0,0.0,0.0,1.3269431022474468e-122,0.0,0.0,0.0,0.0,0.0,0.0,0.0,0.0,3.4469607230304304e-126,0.008766457796032313
ec_wind_direction_70m,2.0659739831526095e-108,0.0,3.4368415601813225e-226,0.0,0.0,0.0,0.0,0.0,1.2628657316379725e-82,5.1627698314603706e-64,5.301546312752164e-10,0.04266210318796158,6.538587337875066e-09,5.582130028275366e-35,4.294255192146493e-141,1.8985427510051136e-06,0.0,7.671519173779639e-10,0.0,0.0,0.0,0.10417638128727681,0.0,1.3740243360626362e-101,1.1733836398820663e-113,2.6324393913213676e-162,3.389331177877479e-202,0.0,0.0,0.0,0.0,2.650044722590813e-126,0.0,0.0,0.0,0.0,0.0,0.0,0.0,0.0,2.9714252532628798e-130,0.0019587052280337336
ec_temperature_10m,0.000153355116956155,4.681846855302159e-50,1.8546202344700964e-107,0.5876383484597303,1.3899435212827386e-111,3.5578651941206366e-05,8.14873798157141e-30,0.001896561235474468,5.7817656028670846e-06,0.0,0.4912301352312366,0.0023535969693526154,0.0023108733528857932,1.1275219758908826e-08,0.0,0.0,4.0915272006108815e-25,1.775396088763177e-32,5.838075418580623e-215,0.0,8.77313266835013e-129,0.0,0.0,0.002746528344341172,9.075652206812084e-47,2.623076560148926e-56,3.386969494754312e-62,4.8316139860288055e-116,2.220599304914038e-117,1.3269431022474468e-122,2.650044722590813e-126,0.0,1.0942375758099747e-39,0.1376198199307434,0.021599945314190152,1.0576913573939756e-08,0.0,0.0,0.0,0.0,0.0,0.2146572295411145
gfs_wind_speed_10m,1.5018931202188143e-78,0.0,0.0,0.0,1.5446333317114274e-258,0.0,0.0,0.0,3.744273252761008e-210,0.0,0.0,0.0,0.0,0.0,4.3240581960191094e-61,4.603029557776043e-40,2.0136293954090248e-41,0.0,0.0,0.0,0.0,5.783038672199836e-226,0.0,0.0,0.0,0.0,0.0,0.0,0.0,0.0,0.0,1.0942375758099747e-39,0.0,0.0,0.0,0.0,7.368748920811872e-228,1.7391332775180072e-232,1.1085988728439163e-251,6.222345500601811e-283,7.711002859762515e-21,0.0
gfs_wind_speed_30m,3.258671982439035e-98,0.0,0.0,0.0,0.0,0.0,0.0,0.0,3.8697113912385196e-146,3.185509312175316e-189,0.0,0.0,0.0,0.0,1.0343091540819572e-05,2.5131972539708514e-39,3.036324188844117e-29,9.049944885160216e-136,0.0,9.271606850633813e-92,0.0,1.546164223964193e-25,0.0,0.0,0.0,0.0,0.0,0.0,0.0,0.0,0.0,0.1376198199307434,0.0,0.0,0.0,0.0,6.237551147286992e-182,8.13965084295116e-186,3.8437967228461034e-203,3.1348359330544883e-230,0.7254883807059394,0.0
gfs_wind_speed_50m,5.830859642946575e-73,0.0,0.0,0.0,0.0,0.0,0.0,0.0,1.4911687959129185e-182,7.377504857708914e-199,0.0,0.0,0.0,0.0,0.1856404117745054,1.572261900541709e-38,1.2095856381340188e-29,3.6789027021333104e-135,0.0,3.391068215252175e-89,0.0,1.708264904775833e-21,0.0,0.0,0.0,0.0,0.0,0.0,0.0,0.0,0.0,0.021599945314190152,0.0,0.0,0.0,0.0,2.2281702062546343e-188,6.061332177352395e-193,4.1923049377784527e-215,8.921641671441092e-250,8.854626198085914e-05,0.0
gfs_wind_speed_70m,1.3317269560964514e-55,0.0,0.0,0.0,0.0,0.0,0.0,0.0,2.6589351583508323e-205,1.9746736590740022e-190,0.0,0.0,0.0,0.0,0.1042173593110613,9.853084005247223e-38,8.041578721838776e-29,3.5260955141050364e-122,0.0,5.962222324506112e-76,0.0,3.721068600457356e-14,0.0,0.0,0.0,0.0,0.0,0.0,0.0,0.0,0.0,1.0576913573939756e-08,0.0,0.0,0.0,0.0,2.4048051808910384e-182,3.2822660029202323e-187,5.710205975952241e-213,6.204777338744611e-252,1.8077662584198546e-12,0.0
gfs_wind_direction_10m,5.243512562485735e-32,0.0,7.800475543201714e-54,0.0,1.248141127204493e-121,0.0,0.0,0.0,1.2268230692817254e-86,2.2150091689324758e-257,1.1272914697623508e-07,5.645424895018732e-57,9.28650646373961e-82,2.3698604957476146e-166,0.0,4.957514590470682e-09,0.0,9.596063505226443e-50,0.0,0.0,0.0,1.054412283243536e-26,0.0,0.0995247812480088,0.0022220828463113025,0.37582333187867134,0.000498628076174824,0.0,0.0,0.0,0.0,0.0,7.368748920811872e-228,6.237551147286992e-182,2.2281702062546343e-188,2.4048051808907648e-182,0.0,0.0,0.0,0.0,0.0,2.723214918131508e-56
gfs_wind_direction_30m,1.6295785177387642e-31,0.0,1.9017647405385685e-53,0.0,3.881620974412582e-121,0.0,0.0,0.0,4.7176274292695983e-88,3.935865759642785e-262,4.6641637656137426e-07,3.2274243299291635e-55,1.262927278181815e-79,1.070532305866699e-163,0.0,5.879295590075425e-10,0.0,2.107655827695551e-51,0.0,0.0,0.0,4.593367140655941e-27,0.0,0.14952872725942973,0.004457891526779889,0.26298835419895294,0.00018984248279984236,0.0,0.0,0.0,0.0,0.0,1.7391332775186008e-232,8.139650842949769e-186,6.061332177352395e-193,3.2822660029202323e-187,0.0,0.0,0.0,0.0,0.0,3.7355080875344013e-54
gfs_wind_direction_50m,4.4257425997710514e-29,0.0,1.8319038030297612e-53,0.0,3.8688025095730947e-121,0.0,0.0,0.0,1.9330595222342565e-91,7.589288860330192e-274,0.00015815596129294723,3.7054109972175133e-47,2.802751309743884e-69,1.320086470434074e-148,0.0,2.149570091144282e-12,0.0,2.0377990188096888e-55,0.0,0.0,0.0,3.2776530869995055e-27,0.0,0.6402753156126502,0.07226265646038023,0.0209988819500168,4.6212997973375595e-07,0.0,0.0,0.0,0.0,0.0,1.1085988728439163e-251,3.8437967228461034e-203,4.1923049377784527e-215,5.710205975952241e-213,0.0,0.0,0.0,0.0,0.0,1.155359373008685e-44
gfs_wind_direction_70m,2.3737467586471097e-26,0.0,9.944273252464352e-54,0.0,4.4704804692345786e-123,0.0,0.0,0.0,2.0944960283131612e-95,6.771629473075351e-285,0.029117699335473143,2.6145884441217052e-39,3.0079917760299086e-59,6.147688165939125e-133,0.0,2.8366865795550183e-14,0.0,3.4372587173605918e-62,0.0,0.0,0.0,9.052705532375681e-29,0.0,0.3226235202173242,0.695214762084946,7.320092476004236e-05,6.19040814083052e-12,0.0,0.0,0.0,0.0,0.0,6.222345500601811e-283,3.1348359330544883e-230,8.921641671441092e-250,6.204777338744611e-252,0.0,0.0,0.0,0.0,0.0,2.119292943428978e-34
gfs_temperature_10m,0.0033526383159330963,7.426420239219292e-36,1.3280372993932598e-77,0.20700777767347064,3.2546385484339687e-79,2.2672294819836795e-06,6.449626794336372e-16,0.035180694507257276,3.242680610418827e-26,0.0,0.602300880235398,0.040730623226930496,0.028513208165504164,3.441704491499915e-09,0.0,0.0,3.1326393445245324e-27,8.784443620482751e-20,1.2739772437200108e-183,0.0,9.268889235640313e-136,8.84786189022135e-256,1.06728826718625e-309,0.0003138786872640649,4.0641075455114e-37,5.2488393301665255e-43,1.2815213857624891e-45,2.8367932687342785e-120,3.4312915049874926e-121,3.4469607230304304e-126,2.9714252532628798e-130,0.0,7.711002859762736e-21,0.7254883807059394,8.854626198085914e-05,1.8077662584198546e-12,0.0,0.0,0.0,0.0,0.0,0.18791877798836726
power,0.0,0.0,1.0317146854920276e-49,2.6503505481792857e-47,5.554165263073128e-133,2.1608125823202714e-125,7.656598622430276e-60,1.9612046117367813e-63,4.994388746481212e-237,3.5084196873698384e-218,0.0,0.0,0.0,0.0,5.481735190772572e-06,1.0306223984353488e-16,3.443164965530271e-39,0.0,0.0,1.1651792892011427e-127,1.0348726850626685e-36,2.098633605289035e-211,1.948759202272161e-30,0.0,0.0,0.0,0.0,0.0749713580343034,0.04157294295269256,0.008766457796032322,0.0019587052280337336,0.21465722954111469,0.0,0.0,0.0,0.0,2.7232149181313143e-56,3.7355080875344013e-54,1.155359373008685e-44,2.119292943428978e-34,0.18791877798836726,0.0
