datetime,power,ec_wind_speed_10m,ec_wind_speed_70m,gfs_wind_speed_10m,gfs_wind_speed_70m
2021-05-01 00:00:00,29.6714,7.479382,11.192147,6.6187296,8.307833
2021-05-01 00:15:00,29.1351,7.0497255,10.929643,6.528595,8.87517
2021-05-01 00:30:00,28.5939,6.8793497,10.877735,6.5813046,8.98317
2021-05-01 00:45:00,28.0354,6.974147,11.022374,6.6786137,8.920717
2021-05-01 01:00:00,27.4607,7.1755314,11.147735,6.7220216,8.968456
2021-05-01 01:15:00,26.846,7.406301,11.285566,6.761263,9.144028
2021-05-01 01:30:00,26.1943,7.506285,11.405646,6.867929,9.5317745
2021-05-01 01:45:00,25.5088,7.580265,11.196475,6.965313,9.67913
2021-05-01 02:00:00,24.7929,7.6848216,11.1380005,7.040805,9.889612
2021-05-01 02:15:00,24.0616,7.721811,10.978888,7.068224,10.029373
2021-05-01 02:30:00,23.3508,7.701731,11.012782,7.0447593,10.094411
2021-05-01 02:45:00,22.671,7.6472287,10.936171,6.9365315,9.989972
2021-05-01 03:00:00,22.042,7.6641045,11.174948,6.804209,9.812157
2021-05-01 03:15:00,21.4607,7.8484178,11.549988,6.7342806,9.65979
2021-05-01 03:30:00,20.9846,7.958891,11.763843,6.6515293,9.523828
2021-05-01 03:45:00,20.6172,7.9521146,11.867656,6.508463,9.331814
2021-05-01 04:00:00,20.3628,7.912181,11.819729,6.3587465,9.118454
2021-05-01 04:15:00,20.2561,7.8063517,11.628144,6.2470527,8.9452715
2021-05-01 04:30:00,20.2078,7.8468847,11.616985,6.2244425,8.871967
2021-05-01 04:45:00,20.2271,7.875342,11.596234,6.305114,9.007889
2021-05-01 05:00:00,20.3239,7.8226004,11.51501,6.456011,9.208427
2021-05-01 05:15:00,20.4896,7.8389935,11.547859,6.6333613,9.452423
2021-05-01 05:30:00,20.6961,7.9590325,11.699944,6.7947617,9.655858
2021-05-01 05:45:00,20.9446,7.9874916,11.744827,6.8136287,9.609459
2021-05-01 06:00:00,21.2163,7.892754,11.676206,6.6928988,9.403241
2021-05-01 06:15:00,21.5223,7.7642655,11.573347,6.6465235,9.156986
2021-05-01 06:30:00,21.7287,7.740734,11.685588,6.6231694,8.972341
2021-05-01 06:45:00,21.8222,7.8596334,11.860303,6.5916047,8.813006
2021-05-01 07:00:00,21.7702,8.050849,11.917073,6.5990624,8.701615
2021-05-01 07:15:00,21.5737,8.137185,11.797029,6.5568843,8.630478
2021-05-01 07:30:00,21.2264,8.232022,11.584432,6.49471,8.606824
2021-05-01 07:45:00,20.7059,8.438946,11.193456,6.4028,8.60847
2021-05-01 08:00:00,20.0254,8.32333,10.714002,6.3543444,8.642402
2021-05-01 08:15:00,19.1833,8.169559,9.846655,6.3601046,8.568051
2021-05-01 08:30:00,18.2548,8.073845,9.166131,6.527662,8.370727
2021-05-01 08:45:00,17.2323,8.028661,9.142313,6.3908796,8.198506
2021-05-01 09:00:00,16.1379,7.822703,8.829983,6.5822005,7.535821
2021-05-01 09:15:00,14.9939,6.997047,7.7267795,6.3212147,6.931989
2021-05-01 09:30:00,13.999,6.3400445,6.92206,5.8738236,6.467169
2021-05-01 09:45:00,13.1391,5.8843756,6.3854837,5.1571746,5.5435987
2021-05-01 10:00:00,12.3958,5.201687,5.6179185,4.34213,4.6414185
2021-05-01 10:15:00,11.7484,4.2772737,4.595433,3.6224673,3.8875139
2021-05-01 10:30:00,11.2444,3.5095384,3.7774947,2.9552617,3.1950207
2021-05-01 10:45:00,10.879,3.217937,3.470647,2.417226,2.6430614
2021-05-01 11:00:00,10.6461,3.1694233,3.43535,2.136951,2.333598
2021-05-01 11:15:00,10.5592,3.2615223,3.512869,2.03389,2.1922653
2021-05-01 11:30:00,10.5898,3.3571634,3.58856,1.9844213,2.1150959
2021-05-01 11:45:00,10.7543,3.3675702,3.5954258,1.9370134,2.0593867
2021-05-01 12:00:00,11.0683,3.394208,3.5831575,1.8911908,2.021351
2021-05-01 12:15:00,11.5543,3.3842607,3.5087893,1.8520788,1.9965461
2021-05-01 12:30:00,12.1975,3.3000464,3.3677332,1.83027,1.9900041
2021-05-01 12:45:00,13.0338,3.2081146,3.2459028,1.8791924,2.0540347
2021-05-01 13:00:00,14.1054,3.104801,3.1356752,2.0576427,2.240623
2021-05-01 13:15:00,15.4851,3.016431,3.049637,2.328634,2.5280762
2021-05-01 13:30:00,17.061,2.9617882,3.003773,2.6434104,2.8761086
2021-05-01 13:45:00,18.8746,2.9284143,2.980271,2.968713,3.242461
2021-05-01 14:00:00,20.9646,2.9538584,3.021543,3.2995477,3.6083999
2021-05-01 14:15:00,23.373,2.9521012,3.0237699,3.567358,3.889164
2021-05-01 14:30:00,26.2067,3.1089392,3.1870883,3.8001642,4.1424584
2021-05-01 14:45:00,29.5054,3.3379688,3.439912,4.0680404,4.450192
2021-05-01 15:00:00,33.3318,3.5205286,3.6471465,4.2348156,4.655305
2021-05-01 15:15:00,37.7831,3.583813,3.732365,4.4492793,4.9164553
2021-05-01 15:30:00,42.8937,3.5789208,3.749172,4.667461,5.189052
2021-05-01 15:45:00,48.6388,3.5259078,3.7271786,4.807522,5.372113
2021-05-01 16:00:00,55.0004,3.4454496,3.677838,4.959272,5.5684094
2021-05-01 16:15:00,61.8634,3.379802,3.6310039,5.268142,5.9442086
2021-05-01 16:30:00,68.9421,3.1250656,3.3250933,5.57982,6.322897
2021-05-01 16:45:00,76.1265,2.801362,2.8971083,5.7843485,6.5839257
2021-05-01 17:00:00,83.3039,2.5577905,2.5689464,6.043898,6.911846
2021-05-01 17:15:00,90.3637,2.3761878,2.3682935,6.2666154,7.1946898
2021-05-01 17:30:00,96.97,2.1712992,2.1804297,6.555916,7.5623527
2021-05-01 17:45:00,103.0181,1.9856269,2.0345533,6.9501266,8.057445
2021-05-01 18:00:00,108.3936,1.8509114,1.9660798,7.345361,8.551372
2021-05-01 18:15:00,112.9702,1.6675838,1.8475049,7.534515,8.815377
2021-05-01 18:30:00,116.697,1.4819204,1.6796494,7.570813,8.903979
2021-05-01 18:45:00,119.5354,1.4319326,1.667798,7.543614,8.926338
2021-05-01 19:00:00,121.3665,1.755638,2.2394445,7.470442,8.904482
2021-05-01 19:15:00,122.163,2.3646502,3.1880848,7.392318,8.905731
2021-05-01 19:30:00,121.9271,2.259028,4.1951795,7.265849,8.896535
2021-05-01 19:45:00,120.6875,3.1307917,5.532326,6.655734,8.63244
2021-05-01 20:00:00,118.5896,3.7925408,6.328955,5.6750755,8.289149
2021-05-01 20:15:00,115.6912,3.842661,6.1544547,4.847425,8.130012
2021-05-01 20:30:00,112.2903,3.6610405,6.051259,4.3250265,7.976763
2021-05-01 20:45:00,108.482,3.0208075,5.1848426,3.9777255,7.7440724
2021-05-01 21:00:00,104.3068,3.8605232,4.6696806,3.7021391,7.5163693
2021-05-01 21:15:00,99.8097,6.252755,8.850744,3.5610187,7.3634634
2021-05-01 21:30:00,95.5865,6.0969925,8.361968,3.5019853,6.979953
2021-05-01 21:45:00,91.6398,6.57541,8.729712,3.4607306,6.546859
2021-05-01 22:00:00,88.0252,6.487032,8.328623,3.9215412,5.77778
2021-05-01 22:15:00,84.7378,6.6982474,8.951805,5.000476,6.000292
2021-05-01 22:30:00,81.9615,6.965164,9.788408,5.155073,6.439086
2021-05-01 22:45:00,79.6269,7.0338516,10.07882,5.6373134,7.2686815
2021-05-01 23:00:00,77.7211,7.100881,10.095914,5.9320245,8.1928625
2021-05-01 23:15:00,76.2323,7.137376,10.006684,6.121197,8.630183
2021-05-01 23:30:00,75.2032,7.1668987,9.909655,6.2227407,9.011123
2021-05-01 23:45:00,74.6517,7.121659,9.50437,6.3617725,9.540523
2021-05-02 00:00:00,84.7101,7.064104,9.618738,6.0940237,8.837965
2021-05-02 00:15:00,85.9583,7.1763535,9.990679,6.267772,9.272046
2021-05-02 00:30:00,86.85,6.903199,9.4539385,6.4622793,9.564997
2021-05-02 00:45:00,87.325,6.982655,9.485528,6.5686197,9.693369
2021-05-02 01:00:00,87.297,6.987619,9.513917,6.635066,9.737123
2021-05-02 01:15:00,86.7662,7.0428114,9.438052,6.6792665,9.795563
2021-05-02 01:30:00,85.3472,7.24388,9.987333,6.700341,9.872168
2021-05-02 01:45:00,83.0018,7.3879814,10.509409,6.6519365,9.871982
2021-05-02 02:00:00,79.7619,7.469169,10.857493,6.609361,9.879084
2021-05-02 02:15:00,75.651,7.6507497,11.336893,6.3684616,9.7175045
2021-05-02 02:30:00,70.9737,6.4059706,10.397274,3.9865751,6.668656
2021-05-02 02:45:00,65.829,4.8774085,8.059123,4.5463743,7.827487
2021-05-02 03:00:00,60.3069,4.101843,6.0182176,2.0525465,4.5495834
2021-05-02 03:15:00,54.5369,0.8027748,2.5189626,1.4554422,2.7641063
2021-05-02 03:30:00,49.2125,2.772145,5.2412677,2.1383054,2.7845588
2021-05-02 03:45:00,44.387,2.6740096,6.355717,2.950919,3.6990645
2021-05-02 04:00:00,40.0369,2.5392334,5.7451944,2.7835095,4.973312
2021-05-02 04:15:00,36.1836,2.8744364,5.3734894,2.9065485,5.9078183
2021-05-02 04:30:00,33.0267,3.0610332,5.396212,2.906418,5.720809
2021-05-02 04:45:00,30.4992,3.4649475,4.500082,3.0189304,5.2164025
2021-05-02 05:00:00,28.5135,4.488343,4.4085894,3.214798,4.9207344
2021-05-02 05:15:00,27.024,4.674359,4.781728,4.6858974,5.2661386
2021-05-02 05:30:00,26.0214,4.945932,5.967097,5.176654,6.5902476
2021-05-02 05:45:00,25.4967,5.353591,7.5204697,5.227247,7.3482094
2021-05-02 06:00:00,25.4122,6.1714373,9.866454,4.719063,7.292114
2021-05-02 06:15:00,25.7883,6.620405,10.931193,4.9415154,8.375984
2021-05-02 06:30:00,26.3434,6.261334,10.392485,5.802148,9.245472
2021-05-02 06:45:00,27.1006,5.553357,9.703482,4.8362813,8.767887
2021-05-02 07:00:00,28.1013,5.1584625,9.166963,4.1337795,6.993806
2021-05-02 07:15:00,29.3953,5.152367,8.944553,4.9845476,8.480489
2021-05-02 07:30:00,30.5276,6.2566347,9.255678,6.7717214,9.104903
2021-05-02 07:45:00,31.4926,6.8966527,8.086985,6.9991493,8.962029
2021-05-02 08:00:00,32.3041,6.715591,7.679333,7.7725916,9.052364
2021-05-02 08:15:00,32.9509,5.564867,6.211266,8.104621,9.46895
2021-05-02 08:30:00,33.4238,5.1849813,5.832604,8.222699,9.631583
2021-05-02 08:45:00,33.7474,5.7126923,6.4806414,7.5139694,8.650342
2021-05-02 09:00:00,33.9179,5.9146776,6.744601,6.4938617,7.449778
2021-05-02 09:15:00,33.949,6.111373,6.893428,6.867318,7.86796
2021-05-02 09:30:00,33.6084,6.037235,6.696377,7.0681086,8.093369
2021-05-02 09:45:00,32.9509,5.765493,6.399755,6.9430737,7.9213705
2021-05-02 10:00:00,32.0514,5.5233254,6.1355357,6.738052,7.6494246
2021-05-02 10:15:00,30.9565,5.7385097,6.354663,6.412557,7.2477193
2021-05-02 10:30:00,29.9498,6.1491017,6.7841134,6.338298,7.170221
2021-05-02 10:45:00,29.0533,6.299016,6.941519,6.650071,7.5108595
2021-05-02 11:00:00,28.3001,5.8781166,6.478094,6.969941,7.835707
2021-05-02 11:15:00,27.6815,5.3867908,5.9624867,7.03515,7.863719
2021-05-02 11:30:00,27.2031,5.384012,5.8366723,6.8049946,7.5712624
2021-05-02 11:45:00,26.846,5.0472198,5.3266883,6.687718,7.436816
2021-05-02 12:00:00,26.6062,4.713656,4.985144,6.571958,7.2902503
2021-05-02 12:15:00,26.4432,4.504097,4.7683735,6.2414255,6.914155
2021-05-02 12:30:00,26.1943,4.0818396,4.3119006,6.01053,6.6386266
2021-05-02 12:45:00,25.8128,3.5769093,3.7371802,5.333885,5.795519
2021-05-02 13:00:00,25.304,2.8063087,2.9031734,5.1405864,5.6532097
2021-05-02 13:15:00,24.6754,2.392148,2.512727,5.2670984,5.7591805
2021-05-02 13:30:00,24.0845,2.3140402,2.4633508,5.1146545,5.485317
2021-05-02 13:45:00,23.4846,2.3729222,2.5215228,4.5621395,4.887688
2021-05-02 14:00:00,22.8664,2.4010105,2.5425522,4.364885,4.75834
2021-05-02 14:15:00,22.1897,2.3010905,2.432723,4.5177565,4.974146
2021-05-02 14:30:00,21.4402,2.1801229,2.3000047,4.5719705,4.899875
2021-05-02 14:45:00,20.6172,2.421088,2.5371158,4.1379795,4.4087157
2021-05-02 15:00:00,19.7029,2.8764567,2.9581459,4.207736,4.4937086
2021-05-02 15:15:00,18.731,2.983483,3.025025,4.213797,4.473906
2021-05-02 15:30:00,17.7487,2.8601274,2.8527358,3.702632,3.8976884
2021-05-02 15:45:00,16.7952,2.5688808,2.4628108,3.098933,3.2278266
2021-05-02 16:00:00,15.8719,2.1529906,1.9494485,2.716152,2.8043196
2021-05-02 16:15:00,14.9797,2.0897748,1.8429449,2.6644547,2.7461932
2021-05-02 16:30:00,14.2126,2.083974,1.850132,2.6575327,2.7330632
2021-05-02 16:45:00,13.5687,2.3611155,2.2032402,2.593899,2.6685731
2021-05-02 17:00:00,13.0585,2.3061118,2.261155,2.4693012,2.5423205
2021-05-02 17:15:00,12.6809,2.372576,2.4429302,2.2610705,2.3121283
2021-05-02 17:30:00,12.4488,2.5177758,2.6728582,2.1353846,2.1574981
2021-05-02 17:45:00,12.3782,2.6766276,2.8704689,2.1314704,2.1201124
2021-05-02 18:00:00,12.4783,2.8010697,3.0176113,2.1322217,2.0795298
2021-05-02 18:15:00,12.7592,2.998009,3.2626193,1.9536191,1.8884053
2021-05-02 18:30:00,13.1827,5.9248085,6.7568893,1.7431321,1.731423
2021-05-02 18:45:00,13.7757,7.6097193,8.916887,1.964895,2.0171154
2021-05-02 19:00:00,14.5531,9.059232,10.596541,2.9487236,3.0885317
2021-05-02 19:15:00,15.5513,7.9637785,9.491771,3.6763775,3.9096413
2021-05-02 19:30:00,16.8192,8.145602,9.692119,3.943225,4.3201756
2021-05-02 19:45:00,18.4034,7.13833,9.089581,6.3961177,7.276467
2021-05-02 20:00:00,20.3725,5.566591,8.258139,5.9643183,6.9463387
2021-05-02 20:15:00,22.7793,4.304891,7.600203,5.9135704,7.168202
2021-05-02 20:30:00,25.4846,3.9913197,6.8606505,5.2189097,6.860217
2021-05-02 20:45:00,28.4333,4.1421247,7.3192177,4.929711,6.8371086
2021-05-02 21:00:00,31.5656,4.678145,9.698316,4.6309223,6.812035
2021-05-02 21:15:00,34.8448,4.9467835,9.769439,4.621017,7.033911
2021-05-02 21:30:00,38.1062,4.426475,9.316691,4.5804787,7.166314
2021-05-02 21:45:00,41.2561,4.298836,8.91919,4.480677,7.2177644
2021-05-02 22:00:00,44.1768,4.6910825,9.186062,4.3096337,7.1592255
2021-05-02 22:15:00,46.7263,5.390287,9.893024,4.2991233,7.233539
2021-05-02 22:30:00,49.4186,5.4828076,9.866158,4.292495,7.176047
2021-05-02 22:45:00,52.2355,5.5678005,9.941571,4.073029,6.9689875
2021-05-02 23:00:00,55.0225,5.585169,10.0468025,4.2670937,7.092819
2021-05-02 23:15:00,57.6733,5.3793154,9.930312,4.417474,7.3731146
2021-05-02 23:30:00,59.8398,4.7997594,9.487234,5.1077514,7.748117
2021-05-02 23:45:00,61.4129,4.4260254,8.904917,5.939782,8.387377
2021-05-03 00:00:00,44.7324,2.6011589,4.6480365,4.4749246,6.9335923
2021-05-03 00:15:00,44.4636,2.0744102,3.5074923,5.627793,8.212544
2021-05-03 00:30:00,44.5403,2.276881,2.595715,6.4768333,9.882724
2021-05-03 00:45:00,44.9445,2.948258,2.5183504,7.0286584,10.727266
2021-05-03 01:00:00,45.6435,3.0087311,2.924246,7.2203813,10.908511
2021-05-03 01:15:00,46.6073,2.5992362,3.6995933,7.455176,11.158713
2021-05-03 01:30:00,47.8069,2.4196684,4.73766,8.584837,12.051492
2021-05-03 01:45:00,49.2949,2.6140997,5.399844,8.367561,11.848192
2021-05-03 02:00:00,51.0667,3.113536,5.6990247,7.9503446,11.4651375
2021-05-03 02:15:00,53.118,3.512704,5.6899815,7.063931,10.6878195
2021-05-03 02:30:00,55.3107,3.4016557,5.4132514,7.6400714,11.218416
2021-05-03 02:45:00,57.6278,3.2778056,5.172414,7.670368,11.047062
2021-05-03 03:00:00,60.003,3.419358,4.8891907,6.5788155,10.403122
2021-05-03 03:15:00,62.268,3.6613038,4.7901382,6.4107127,10.301935
2021-05-03 03:30:00,64.4595,4.131099,5.491114,6.5916433,10.374843
2021-05-03 03:45:00,66.3714,4.53565,6.2784133,7.2044396,10.962809
2021-05-03 04:00:00,67.8876,4.335632,6.4979043,7.2407823,10.902798
2021-05-03 04:15:00,68.9673,3.5925415,5.6377892,6.8554616,10.566503
2021-05-03 04:30:00,69.7258,3.1755474,4.9061522,6.044953,10.291349
2021-05-03 04:45:00,70.132,3.7166247,6.1114974,5.328423,9.758433
2021-05-03 05:00:00,70.1574,3.4755175,6.2551756,4.8477116,8.956546
2021-05-03 05:15:00,69.7511,3.1598449,5.535805,4.338257,7.909772
2021-05-03 05:30:00,69.0429,3.1716135,4.7734904,4.2882257,7.5382752
2021-05-03 05:45:00,67.9877,3.11276,3.8379128,4.209118,7.4158607
2021-05-03 06:00:00,66.594,3.1567647,3.0350127,4.6250777,7.9534454
2021-05-03 06:15:00,64.898,3.3531945,2.99889,5.0069084,8.346737
2021-05-03 06:30:00,63.1299,3.575698,3.3753202,5.0515556,8.668142
2021-05-03 06:45:00,61.342,3.5436034,3.658223,4.8442507,8.507819
2021-05-03 07:00:00,59.5373,2.9365668,3.084425,4.420819,7.6510596
2021-05-03 07:15:00,57.7645,2.0522244,2.3566775,3.645039,6.3094316
2021-05-03 07:30:00,55.9571,1.6260747,1.7024089,3.550442,5.2618456
2021-05-03 07:45:00,54.1416,1.5520065,2.0439305,3.671728,4.6152515
2021-05-03 08:00:00,52.3426,1.9741226,2.6808152,3.771721,4.103966
2021-05-03 08:15:00,50.667,4.1542325,5.577919,3.255241,3.2704387
2021-05-03 08:30:00,48.9866,6.132512,7.3939295,2.9682412,2.866482
2021-05-03 08:45:00,47.3445,6.3809934,7.4000945,2.850298,2.751826
2021-05-03 09:00:00,45.7803,6.1717415,7.1743274,2.647617,2.5292122
2021-05-03 09:15:00,44.3487,6.1774263,7.162336,2.304737,2.1633208
2021-05-03 09:30:00,43.1931,6.085442,7.0218697,2.1368542,1.9766661
2021-05-03 09:45:00,42.281,5.7663555,6.6371856,2.1138084,1.9265177
2021-05-03 10:00:00,41.62,5.4747972,6.259147,2.1015954,1.9010794
2021-05-03 10:15:00,41.1655,5.122572,5.8391905,2.1318238,1.9272622
2021-05-03 10:30:00,40.8947,4.857155,5.563523,2.121991,1.9265684
2021-05-03 10:45:00,40.7867,4.7504206,5.4771314,2.263016,2.0769107
2021-05-03 11:00:00,40.8766,4.8533907,5.622339,2.53938,2.397529
2021-05-03 11:15:00,41.1837,5.2908273,6.1059885,2.6769135,2.5980072
2021-05-03 11:30:00,41.7113,5.818568,6.675073,2.7050831,2.7046216
2021-05-03 11:45:00,42.4475,6.1793885,7.0641365,2.8031392,2.876633
2021-05-03 12:00:00,43.3811,6.3596025,7.2527122,2.9482691,3.0775898
2021-05-03 12:15:00,44.5211,6.5219083,7.452137,3.1292577,3.307907
2021-05-03 12:30:00,45.8978,6.8531947,7.852328,3.2328784,3.4389026
2021-05-03 12:45:00,47.5251,7.1364045,8.167389,3.3527453,3.5816913
2021-05-03 13:00:00,49.4186,7.152998,8.154863,3.4437957,3.7054937
2021-05-03 13:15:00,51.5746,7.0311933,7.9909124,3.6237042,3.932881
2021-05-03 13:30:00,53.6609,6.785327,7.673489,3.9163637,4.275721
2021-05-03 13:45:00,55.6445,6.5602584,7.396699,4.161611,4.53666
2021-05-03 14:00:00,57.5139,6.6445975,7.5208697,4.2327337,4.618947
2021-05-03 14:15:00,59.3053,7.188859,8.210448,4.324941,4.7396445
2021-05-03 14:30:00,60.9408,7.685661,8.826434,4.708045,5.1599336
2021-05-03 14:45:00,62.4351,7.6555166,8.766345,4.8920193,5.3526382
2021-05-03 15:00:00,63.7565,7.19898,8.237783,4.737364,5.1802783
2021-05-03 15:15:00,64.898,6.832795,7.8352656,4.366522,4.789314
2021-05-03 15:30:00,65.9767,6.7298026,7.7387037,4.286405,4.735872
2021-05-03 15:45:00,67.0154,6.915475,7.958141,4.7883396,5.3027687
2021-05-03 16:00:00,68.0127,7.126486,8.18538,5.3674726,5.92562
2021-05-03 16:15:00,68.9673,7.0204263,8.057908,5.502139,6.067384
2021-05-03 16:30:00,69.599,6.706976,7.7579174,5.4022894,5.9522886
2021-05-03 16:45:00,69.8779,6.7524323,7.812367,5.1114745,5.621976
2021-05-03 17:00:00,69.8018,6.592058,7.611833,4.726674,5.193181
2021-05-03 17:15:00,69.2702,6.278185,7.2571087,4.351287,4.7809324
2021-05-03 17:30:00,68.3887,6.077915,7.002831,4.141882,4.5488195
2021-05-03 17:45:00,67.0651,5.761184,6.569421,4.1268682,4.5179677
2021-05-03 18:00:00,65.3136,5.6632433,6.411464,4.234888,4.621504
2021-05-03 18:15:00,63.1058,5.409824,6.1613054,4.293498,4.6775575
2021-05-03 18:30:00,60.9173,5.186935,5.944769,4.2106147,4.594443
2021-05-03 18:45:00,58.7736,4.7765408,5.4964614,4.0516376,4.4242644
2021-05-03 19:00:00,56.6984,4.3909206,5.085008,4.151235,4.5185113
2021-05-03 19:15:00,54.7352,3.9862516,4.6449285,4.495071,4.907922
2021-05-03 19:30:00,52.8156,3.3714812,4.200582,4.5754075,5.067101
2021-05-03 19:45:00,50.9824,3.6612432,5.9172053,4.980162,5.591738
2021-05-03 20:00:00,49.3155,3.9306905,6.809463,4.95207,5.7109547
2021-05-03 20:15:00,47.9482,4.088239,7.073959,4.838213,6.1778064
2021-05-03 20:30:00,47.1445,4.066311,6.8274517,4.7890296,6.7184944
2021-05-03 20:45:00,47.0248,3.805495,6.348987,5.0656366,7.3340163
2021-05-03 21:00:00,47.686,3.4639733,5.7753263,5.771096,8.253383
2021-05-03 21:15:00,49.192,3.106765,5.314925,5.82033,8.430593
2021-05-03 21:30:00,51.1511,3.8867455,7.0541377,5.650225,8.407658
2021-05-03 21:45:00,53.7045,4.620231,8.734014,5.4899955,8.42953
2021-05-03 22:00:00,56.9016,4.5116224,8.052517,5.382758,8.526007
2021-05-03 22:15:00,60.8467,4.611791,7.2511644,5.3270288,8.654527
2021-05-03 22:30:00,65.0445,4.588464,7.494273,5.2898483,8.717311
2021-05-03 22:45:00,69.5484,4.7836185,7.867096,5.2809563,8.786748
2021-05-03 23:00:00,74.259,5.1478844,8.54586,5.379385,8.872984
2021-05-03 23:15:00,79.1419,5.3682437,9.032612,5.611765,9.227487
2021-05-03 23:30:00,84.268,5.408766,9.615843,5.9344554,9.53784
2021-05-03 23:45:00,89.4879,5.3466787,9.527605,5.8580074,9.288378
2021-05-04 00:00:00,108.9771,6.8649406,11.136794,5.7665434,9.275988
2021-05-04 00:15:00,111.1962,6.9641557,11.351066,6.0444937,9.675846
2021-05-04 00:30:00,112.7568,6.890767,11.347349,6.2777443,10.0184555
2021-05-04 00:45:00,113.7119,6.804601,11.334501,6.3715663,10.199945
2021-05-04 01:00:00,114.1173,6.996733,11.633512,6.5546474,10.460016
2021-05-04 01:15:00,114.0304,7.1732125,11.843386,6.7866926,10.646236
2021-05-04 01:30:00,113.7987,7.387791,12.123021,6.896041,10.756384
2021-05-04 01:45:00,113.4223,7.688748,12.549902,6.9214244,10.858882
2021-05-04 02:00:00,112.9304,7.967797,13.048125,7.0146794,10.967733
2021-05-04 02:15:00,112.323,7.620201,12.546083,7.100256,11.117712
2021-05-04 02:30:00,111.4561,7.516852,12.794808,7.360359,11.575989
2021-05-04 02:45:00,110.4172,7.912785,13.126445,7.566888,11.786708
2021-05-04 03:00:00,109.1497,7.962721,13.181713,7.200128,11.390667
2021-05-04 03:15:00,107.7128,7.651942,12.832249,7.239018,11.510901
2021-05-04 03:30:00,106.223,7.366412,12.534354,7.2923317,11.515882
2021-05-04 03:45:00,104.6812,7.3306766,12.513563,7.230408,11.512344
2021-05-04 04:00:00,103.0887,7.2988944,12.492375,7.243587,11.50314
2021-05-04 04:15:00,101.475,7.203077,12.407608,7.3178663,11.596987
2021-05-04 04:30:00,99.8694,7.1053553,12.316494,7.468009,11.815368
2021-05-04 04:45:00,98.2725,7.0834255,12.32989,7.4767327,11.894156
2021-05-04 05:00:00,96.6847,7.0516324,12.349147,7.460733,11.793672
2021-05-04 05:15:00,95.1342,6.945614,12.360839,7.273194,11.59904
2021-05-04 05:30:00,93.5115,6.776133,12.345805,7.2687063,11.782002
2021-05-04 05:45:00,91.7915,6.547488,12.147349,7.414491,12.043382
2021-05-04 06:00:00,90.0045,6.5292807,12.489607,7.3226647,11.969829
2021-05-04 06:15:00,88.1532,6.5480967,12.776174,7.1549463,11.96316
2021-05-04 06:30:00,86.3465,6.7812963,13.139469,6.998433,12.008523
2021-05-04 06:45:00,84.6104,7.0897694,13.300238,6.7631373,11.834991
2021-05-04 07:00:00,82.9439,7.4733353,13.184917,6.6051235,11.39324
2021-05-04 07:15:00,81.3716,7.882463,12.824804,6.617825,11.024363
2021-05-04 07:30:00,79.8661,8.504243,12.27667,6.8468347,10.62783
2021-05-04 07:45:00,78.4765,8.901104,11.824459,7.3351936,10.290067
2021-05-04 08:00:00,77.225,8.486273,10.790751,7.192055,10.002661
2021-05-04 08:15:00,76.0837,8.489381,10.138403,7.8188834,9.8871765
2021-05-04 08:30:00,75.0258,8.624972,10.234501,8.289403,9.899803
2021-05-04 08:45:00,74.0494,8.883308,10.581888,8.911217,10.619669
2021-05-04 09:00:00,73.1771,9.178425,10.855276,9.492584,11.371562
2021-05-04 09:15:00,72.359,9.24625,10.820526,10.032607,11.909916
2021-05-04 09:30:00,71.5703,9.240735,10.747721,10.137865,11.951723
2021-05-04 09:45:00,70.8105,9.247444,10.712895,10.219802,12.037338
2021-05-04 10:00:00,69.9852,9.088496,10.484373,10.133729,11.884867
2021-05-04 10:15:00,69.1426,8.871291,10.208507,9.945083,11.626997
2021-05-04 10:30:00,68.0523,8.734016,10.015931,9.76533,11.385789
2021-05-04 10:45:00,66.7219,8.508684,9.722901,9.618456,11.1916485
2021-05-04 11:00:00,65.0938,8.345652,9.500917,9.498018,11.021159
2021-05-04 11:15:00,63.1398,8.255132,9.366029,9.382669,10.844075
2021-05-04 11:30:00,60.8387,8.187558,9.256022,9.22647,10.6322
2021-05-04 11:45:00,58.2204,8.0362625,9.041674,9.074204,10.431503
2021-05-04 12:00:00,55.2999,7.7953644,8.745818,8.888627,10.191813
2021-05-04 12:15:00,52.0813,7.5147305,8.405279,8.654048,9.90486
2021-05-04 12:30:00,48.9103,7.1278477,7.9343877,8.370909,9.547357
2021-05-04 12:45:00,45.7812,6.6222415,7.3259587,7.99427,9.084201
2021-05-04 13:00:00,42.7409,6.1327863,6.774204,7.6455064,8.652636
2021-05-04 13:15:00,39.7653,5.704554,6.2842326,7.3384595,8.269249
2021-05-04 13:30:00,36.8665,5.365562,5.8435225,6.997497,7.8478985
2021-05-04 13:45:00,34.0548,4.8216786,5.139132,6.648794,7.4231753
2021-05-04 14:00:00,31.3394,4.0815663,4.290328,6.3266077,7.028215
2021-05-04 14:15:00,28.74,3.400031,3.5343719,6.09193,6.735074
2021-05-04 14:30:00,26.271,2.8441885,2.9089282,5.9409056,6.534146
2021-05-04 14:45:00,23.9109,2.5015469,2.5183303,5.862477,6.4188466
2021-05-04 15:00:00,21.7008,2.23132,2.2206254,5.6774516,6.1886797
2021-05-04 15:15:00,19.624,2.061628,2.0586581,5.372335,5.7996583
2021-05-04 15:30:00,17.8157,2.138591,2.162431,5.146461,5.5571394
2021-05-04 15:45:00,16.2398,2.376712,2.445201,4.9831715,5.3871665
2021-05-04 16:00:00,14.9028,2.7081525,2.8444397,4.8570642,5.246635
2021-05-04 16:15:00,13.7808,2.8687108,3.0625908,4.7191906,5.088086
2021-05-04 16:30:00,12.781,3.498764,3.771467,4.566047,4.9118023
2021-05-04 16:45:00,11.9037,4.5789595,4.9324236,4.460436,4.798181
2021-05-04 17:00:00,11.1428,4.4027762,4.91162,4.4354153,4.7849407
2021-05-04 17:15:00,10.4756,3.723336,4.2804637,4.4099207,4.7761927
2021-05-04 17:30:00,9.9465,3.2029135,3.642156,4.3832827,4.7643538
2021-05-04 17:45:00,9.5336,2.6076014,2.9417462,4.376388,4.774503
2021-05-04 18:00:00,9.2243,2.2114062,2.4515357,4.391745,4.811666
2021-05-04 18:15:00,9.0026,1.9073638,2.150728,4.425003,4.8688245
2021-05-04 18:30:00,8.8599,2.033364,2.7310488,4.4758925,4.953698
2021-05-04 18:45:00,8.7944,3.7829254,4.7214437,4.561822,5.090843
2021-05-04 19:00:00,8.789,4.7093234,5.5569067,4.662303,5.251361
2021-05-04 19:15:00,8.8326,4.4700313,5.4672656,4.745862,5.4075594
2021-05-04 19:30:00,8.8818,3.1963434,5.0989556,4.8451715,5.606201
2021-05-04 19:45:00,8.9256,3.1484184,4.8657365,4.921766,5.848534
2021-05-04 20:00:00,8.9586,3.2315056,4.6855245,4.3108087,5.9798384
2021-05-04 20:15:00,8.9641,2.9645324,4.1581106,3.7151957,6.193949
2021-05-04 20:30:00,8.9421,2.5583713,3.6325777,3.5219145,6.376724
2021-05-04 20:45:00,8.8927,2.4533975,3.4557955,3.4703434,6.5116115
2021-05-04 21:00:00,8.8108,2.7828255,3.6289241,3.4084954,6.591551
2021-05-04 21:15:00,8.7075,2.564105,3.184296,3.4047592,6.6732554
2021-05-04 21:30:00,8.6588,2.0066988,2.575022,3.3865125,6.647524
2021-05-04 21:45:00,8.6913,1.5959396,2.0814843,3.2791,6.407038
2021-05-04 22:00:00,8.8162,1.0382669,1.1609902,3.0754259,5.908165
2021-05-04 22:15:00,9.0633,3.594792,2.6432393,2.9071116,5.2870793
2021-05-04 22:30:00,9.4826,5.7336545,6.3006473,2.8438566,4.774826
2021-05-04 22:45:00,10.1037,5.560445,6.327729,2.8441553,4.509806
2021-05-04 23:00:00,10.9647,5.951743,7.088611,2.8400142,4.341272
2021-05-04 23:15:00,12.1228,5.9578795,7.5484157,2.8567984,4.3324723
2021-05-04 23:30:00,13.6272,5.851597,7.1798697,2.8766077,4.31245
2021-05-04 23:45:00,15.5388,5.8143215,7.016353,2.9410942,3.6609554
2021-05-05 00:00:00,16.0218,5.02997,6.1419864,2.584483,3.984725
2021-05-05 00:15:00,17.5252,5.2766724,6.4654675,2.4206722,3.376879
2021-05-05 00:30:00,19.3742,5.506728,6.761261,4.3847094,4.2189016
2021-05-05 00:45:00,21.6139,5.6049933,6.8634176,5.229559,5.23598
2021-05-05 01:00:00,24.2886,5.65571,6.891109,5.702042,7.3741846
2021-05-05 01:15:00,27.4717,5.730164,7.111189,6.000316,8.387305
2021-05-05 01:30:00,31.0302,5.8777075,7.495778,6.2275157,9.236191
2021-05-05 01:45:00,34.9629,6.0270214,7.9941797,6.4192142,9.606355
2021-05-05 02:00:00,39.283,6.110797,8.359439,6.432354,9.872631
2021-05-05 02:15:00,43.9783,6.2126374,8.534444,6.387043,10.149682
2021-05-05 02:30:00,49.002,6.3113017,8.678207,6.4211626,10.491635
2021-05-05 02:45:00,54.3236,6.330777,9.085384,6.526892,10.97925
2021-05-05 03:00:00,59.9005,6.3741612,9.606789,6.6560683,11.369316
2021-05-05 03:15:00,65.769,6.857358,10.854487,6.771294,11.57394
2021-05-05 03:30:00,71.5703,6.984765,10.781438,6.844999,11.718792
2021-05-05 03:45:00,77.2749,6.639432,10.661785,6.862079,11.799539
2021-05-05 04:00:00,82.7886,6.4484563,10.630116,6.77392,11.880068
2021-05-05 04:15:00,88.0197,6.5809846,11.141175,6.800198,12.0145235
2021-05-05 04:30:00,92.527,6.6769686,11.558899,6.8803477,12.011976
2021-05-05 04:45:00,96.2407,6.863822,12.004389,7.0694666,11.929479
2021-05-05 05:00:00,99.1679,7.143783,12.437774,7.1894145,11.822629
2021-05-05 05:15:00,101.3056,7.3075285,12.374848,7.178132,11.740901
2021-05-05 05:30:00,102.6916,7.23744,12.589044,7.143541,11.776352
2021-05-05 05:45:00,103.4009,7.8564715,13.030022,6.962886,11.615639
2021-05-05 06:00:00,103.5146,7.692939,12.631834,6.8316603,11.452841
2021-05-05 06:15:00,103.0603,7.5718966,12.321853,6.9152045,11.510607
2021-05-05 06:30:00,102.465,7.526841,12.0223255,6.9256263,11.473289
2021-05-05 06:45:00,101.7858,7.459894,11.719975,6.9921827,11.432099
2021-05-05 07:00:00,100.9953,7.590274,11.420192,6.9791327,11.109044
2021-05-05 07:15:00,100.0943,7.7620683,11.05418,6.8876286,10.6444
2021-05-05 07:30:00,99.4203,7.9541574,10.7785015,6.8420696,10.216653
2021-05-05 07:45:00,99.0558,7.7412643,10.3758545,6.9166617,9.84576
2021-05-05 08:00:00,98.9998,7.186665,9.692887,7.27096,9.561678
2021-05-05 08:15:00,99.3081,6.85577,8.740431,7.2728896,9.407666
2021-05-05 08:30:00,100.0662,6.478391,7.981559,7.9579887,9.499739
2021-05-05 08:45:00,101.2492,6.236062,7.495414,8.438281,9.918609
2021-05-05 09:00:00,102.9468,5.963114,7.129067,8.542031,10.014552
2021-05-05 09:15:00,105.1374,5.7390137,6.807553,8.428066,9.875243
2021-05-05 09:30:00,108.2871,5.849712,6.8719697,8.412099,9.848286
2021-05-05 09:45:00,112.4097,6.106898,7.169457,8.374731,9.7964945
2021-05-05 10:00:00,117.5103,6.3878036,7.529645,8.4995165,9.977699
2021-05-05 10:15:00,123.5724,6.837263,8.052401,8.753555,10.292162
2021-05-05 10:30:00,129.9959,7.2999554,8.55029,9.151302,10.783352
2021-05-05 10:45:00,136.7004,7.595075,8.868119,9.5926485,11.335404
2021-05-05 11:00:00,143.5938,7.748973,9.040725,10.018715,11.847231
2021-05-05 11:15:00,150.5009,7.9083276,9.237991,10.492638,12.44017
2021-05-05 11:30:00,156.9532,8.177015,9.583497,11.063147,13.120473
2021-05-05 11:45:00,162.7192,8.601168,10.090474,11.533039,13.686465
2021-05-05 12:00:00,167.4893,8.940537,10.517993,11.87968,14.097557
2021-05-05 12:15:00,172.553,9.333285,11.015581,12.167918,14.449963
2021-05-05 12:30:00,177.3176,9.764857,11.555854,12.441808,14.768652
2021-05-05 12:45:00,180.6306,10.180578,12.077041,12.64442,15.003216
2021-05-05 13:00:00,182.8661,10.615159,12.617748,12.755621,15.13236
2021-05-05 13:15:00,184.3276,11.033666,13.13493,12.829525,15.216994
2021-05-05 13:30:00,185.2018,11.403121,13.581575,12.870472,15.262826
2021-05-05 13:45:00,185.7073,11.605424,13.820556,12.82175,15.201859
2021-05-05 14:00:00,185.9872,11.790149,14.053216,12.768645,15.135713
2021-05-05 14:15:00,186.1345,11.952843,14.262277,12.766301,15.115629
2021-05-05 14:30:00,186.2044,12.091954,14.440021,12.688416,15.016962
2021-05-05 14:45:00,186.2341,12.21405,14.606034,12.581754,14.887902
2021-05-05 15:00:00,186.2435,12.364029,14.79731,12.448169,14.729589
2021-05-05 15:15:00,186.239,12.459162,14.930228,12.3211,14.579336
2021-05-05 15:30:00,186.2152,12.591028,15.117871,12.208509,14.45131
2021-05-05 15:45:00,186.1529,12.731071,15.319695,12.113133,14.341801
2021-05-05 16:00:00,186.0171,12.800792,15.427143,11.990485,14.1979475
2021-05-05 16:15:00,185.7457,12.861501,15.524034,11.831699,14.0117235
2021-05-05 16:30:00,185.2973,13.031275,15.759151,11.676651,13.830611
2021-05-05 16:45:00,184.5925,13.158251,15.932483,11.557038,13.69557
2021-05-05 17:00:00,183.5227,13.082077,15.84825,11.475478,13.611065
2021-05-05 17:15:00,181.9407,12.905394,15.646617,11.408949,13.550522
2021-05-05 17:30:00,179.6111,12.736055,15.462207,11.32922,13.4765835
2021-05-05 17:45:00,176.2481,12.620962,15.35213,11.204704,13.347909
2021-05-05 18:00:00,171.4129,12.517792,15.265614,11.036035,13.167545
2021-05-05 18:15:00,166.8206,12.249478,14.980741,10.813597,12.928257
2021-05-05 18:30:00,161.8469,11.922834,14.734835,10.528267,12.621302
2021-05-05 18:45:00,155.705,11.790323,14.712075,10.198651,12.26741
2021-05-05 19:00:00,148.5596,11.558957,14.486126,9.825265,11.866894
2021-05-05 19:15:00,140.6217,10.250275,13.537276,9.413234,11.433139
2021-05-05 19:30:00,132.3339,9.82838,13.149056,8.945752,10.962618
2021-05-05 19:45:00,123.9198,8.8119,12.60425,7.9526944,10.164674
2021-05-05 20:00:00,115.5665,7.499376,11.8535,6.743194,9.426217
2021-05-05 20:15:00,107.3973,6.305903,11.374324,5.3907595,8.767445
2021-05-05 20:30:00,99.5325,5.9684463,11.805565,4.532631,8.351308
2021-05-05 20:45:00,92.0636,6.461556,12.831512,4.103445,8.007787
2021-05-05 21:00:00,84.9772,6.707854,12.826019,3.8717308,7.68977
2021-05-05 21:15:00,78.376,6.031633,12.169889,3.7695494,7.391242
2021-05-05 21:30:00,72.3111,4.990312,10.04724,3.7408192,7.0476108
2021-05-05 21:45:00,66.8131,5.448822,8.930973,3.8382828,6.7238874
2021-05-05 22:00:00,61.7868,5.94622,8.829782,4.072115,6.4055967
2021-05-05 22:15:00,57.2282,6.226466,9.125787,4.5395913,6.2928233
2021-05-05 22:30:00,52.8923,6.2289147,9.009044,4.950688,6.3212223
2021-05-05 22:45:00,48.8004,6.044311,8.467138,4.9330173,6.333286
2021-05-05 23:00:00,44.933,5.902586,8.193488,4.945855,6.380222
2021-05-05 23:15:00,41.2724,5.677187,7.9179163,4.9981337,6.377987
2021-05-05 23:30:00,37.8035,5.603828,7.8075495,5.0168366,6.326852
2021-05-05 23:45:00,34.5135,5.4807,7.586442,5.003865,6.2994366
2021-05-06 00:00:00,28.1654,5.8043933,9.973201,5.0475264,6.683413
2021-05-06 00:15:00,25.8247,6.3922276,10.160798,5.043448,6.563383
2021-05-06 00:30:00,23.6513,6.249334,8.533185,4.9073334,6.2784934
2021-05-06 00:45:00,21.6525,5.845039,7.786514,4.764856,5.925337
2021-05-06 01:00:00,19.7949,5.6273375,7.2020974,4.6728773,5.587305
2021-05-06 01:15:00,18.0759,5.5004888,6.6974926,4.9105487,5.3381977
2021-05-06 01:30:00,16.523,5.439088,6.3295383,5.324704,5.460032
2021-05-06 01:45:00,15.1252,5.387657,6.097796,5.005592,6.30952
2021-05-06 02:00:00,13.8863,5.3152714,5.890092,4.746997,6.5272613
2021-05-06 02:15:00,12.781,5.2705727,5.7630873,4.6670327,6.4373484
2021-05-06 02:30:00,11.8078,5.1545296,5.6156883,4.599406,6.377353
2021-05-06 02:45:00,10.9647,5.0834494,5.4312224,4.4850497,6.0326676
2021-05-06 03:00:00,10.2386,5.0057135,5.2679405,4.2575984,5.4374614
2021-05-06 03:15:00,9.6131,4.9549136,5.154064,3.8417075,4.494141
2021-05-06 03:30:00,9.1131,4.9326105,5.045774,3.1045802,3.1230695
2021-05-06 03:45:00,8.7347,4.76891,4.892955,2.28598,1.9470149
2021-05-06 04:00:00,8.4654,4.6220193,4.6540556,1.7977192,1.2408603
2021-05-06 04:15:00,8.3005,4.53065,4.469894,1.5644943,0.7775955
2021-05-06 04:30:00,8.1949,4.4881644,4.365715,1.4093117,0.47905362
2021-05-06 04:45:00,8.1528,4.4516416,4.317096,1.2166516,0.26036572
2021-05-06 05:00:00,8.1686,4.4097776,4.2669425,0.945101,0.28464684
2021-05-06 05:15:00,8.2423,4.371617,4.2006226,0.9324342,0.9564239
2021-05-06 05:30:00,8.3535,4.357531,4.1562624,1.4190567,1.9124868
2021-05-06 05:45:00,8.4975,4.3508058,4.132929,1.9669751,2.834838
2021-05-06 06:00:00,8.6588,4.125912,3.842042,2.4656608,3.4907053
2021-05-06 06:15:00,8.8381,3.986072,3.6611316,2.8373973,3.8197238
2021-05-06 06:30:00,9.102,3.8771327,3.4714665,3.0546556,3.9125607
2021-05-06 06:45:00,9.4487,3.9183989,3.5847523,3.1164412,3.840574
2021-05-06 07:00:00,9.8712,4.1542263,4.016168,3.0445209,3.6915636
2021-05-06 07:15:00,10.3745,4.0438337,4.0735607,2.8221414,3.4642448
2021-05-06 07:30:00,10.8975,3.862445,3.9597855,2.4119647,3.0848153
2021-05-06 07:45:00,11.4349,4.2158785,4.0186076,2.0286546,2.6756847
2021-05-06 08:00:00,11.9679,3.9023526,3.8620472,2.0911114,2.382396
2021-05-06 08:15:00,12.4888,3.4473646,3.4418547,2.3482559,2.5374374
2021-05-06 08:30:00,13.0368,3.1159494,3.1961594,2.8789587,3.17968
2021-05-06 08:45:00,13.5993,2.9140143,3.0091944,2.4158702,2.5559993
2021-05-06 09:00:00,14.1414,2.877777,2.907211,1.8659921,2.0779066
2021-05-06 09:15:00,14.6534,2.9723535,2.9644728,1.4536384,1.6325626
2021-05-06 09:30:00,15.2973,2.9619513,2.985102,1.4863204,1.5008596
2021-05-06 09:45:00,16.0373,2.8501887,2.8861554,1.8743591,1.7478001
2021-05-06 10:00:00,16.8498,2.5615854,2.560358,2.0355928,1.858536
2021-05-06 10:15:00,17.6659,2.2891493,2.2462065,1.8482684,1.6452676
2021-05-06 10:30:00,18.4157,2.246088,2.204772,1.5886192,1.3571637
2021-05-06 10:45:00,19.0566,2.432686,2.4587622,1.4987652,1.2531015
2021-05-06 11:00:00,19.5703,2.6583257,2.8215566,1.6026655,1.362893
2021-05-06 11:15:00,19.9215,2.788946,3.1058645,1.7748268,1.5623937
2021-05-06 11:30:00,20.1399,2.801592,3.2195437,1.8946766,1.7313257
2021-05-06 11:45:00,20.2039,2.9132633,3.3530178,1.8840668,1.7543697
2021-05-06 12:00:00,20.1308,3.1097102,3.5112133,1.7708656,1.6338387
2021-05-06 12:15:00,19.9305,3.2481847,3.5992408,1.6963637,1.5250802
2021-05-06 12:30:00,19.7318,3.338075,3.6737843,1.7197096,1.5363859
2021-05-06 12:45:00,19.5345,3.3661757,3.7117095,1.7853581,1.6206456
2021-05-06 13:00:00,19.3742,3.415143,3.7892525,1.8728411,1.738798
2021-05-06 13:15:00,19.2768,3.589831,3.9947062,1.9766215,1.8822294
2021-05-06 13:30:00,19.0566,3.8039865,4.238836,2.0939074,2.0519154
2021-05-06 13:45:00,18.7688,3.9399168,4.4052076,2.211664,2.226022
2021-05-06 14:00:00,18.4499,4.0569286,4.5578303,2.2493627,2.323344
2021-05-06 14:15:00,18.1604,4.199669,4.7260056,2.2658734,2.3613043
2021-05-06 14:30:00,17.8491,4.273141,4.816741,2.3769126,2.55573
2021-05-06 14:45:00,17.5499,4.3797784,4.9389954,2.6376698,2.895687
2021-05-06 15:00:00,17.2871,4.5042024,5.073045,2.9874692,3.3000386
2021-05-06 15:15:00,17.0755,4.6147766,5.19112,3.326964,3.6697652
2021-05-06 15:30:00,17.0351,4.579198,5.1559534,3.5953498,3.95351
2021-05-06 15:45:00,17.2055,4.599839,5.2199507,3.787635,4.1546445
2021-05-06 16:00:00,17.5913,4.895497,5.550777,3.8978996,4.267942
2021-05-06 16:15:00,18.2197,4.952662,5.603623,3.998113,4.3811216
2021-05-06 16:30:00,18.9341,4.9935207,5.646354,4.1313553,4.5397944
2021-05-06 16:45:00,19.7318,5.0076394,5.66484,4.3436604,4.7966003
2021-05-06 17:00:00,20.5822,4.9933543,5.662795,4.5832815,5.0886755
2021-05-06 17:15:00,21.4792,5.101242,5.8058343,4.6747766,5.209486
2021-05-06 17:30:00,22.3662,5.3201575,6.0650797,4.565388,5.104032
2021-05-06 17:45:00,23.1895,5.424224,6.200579,4.424996,4.9613786
2021-05-06 18:00:00,23.8796,5.391167,6.1899385,4.2734275,4.7966585
2021-05-06 18:15:00,24.3944,5.3174467,6.137108,4.08283,4.585175
2021-05-06 18:30:00,24.9178,5.1781726,5.9863315,3.8114772,4.3037834
2021-05-06 18:45:00,25.4392,4.881743,5.6651535,3.6535764,4.161617
2021-05-06 19:00:00,25.9914,4.4979405,5.265309,3.6738422,4.2053747
2021-05-06 19:15:00,26.5644,3.9510834,4.7723813,3.705819,4.26706
2021-05-06 19:30:00,27.0093,2.534822,4.214385,3.760816,4.389737
2021-05-06 19:45:00,27.3092,2.564458,3.9034612,3.4503286,4.52339
2021-05-06 20:00:00,27.4252,2.430793,3.688263,2.801411,4.574646
2021-05-06 20:15:00,27.3788,2.266418,3.4989111,2.8215673,4.4292436
2021-05-06 20:30:00,27.1935,2.1163032,3.3486512,2.7637093,4.2138066
2021-05-06 20:45:00,26.9061,2.0530808,3.2399797,2.6653697,4.0054264
2021-05-06 21:00:00,26.5644,1.9634597,2.9598844,2.590952,3.8220668
2021-05-06 21:15:00,26.2037,1.7525798,2.4825263,2.5014298,3.6150196
2021-05-06 21:30:00,25.8802,1.6519707,2.111903,2.4536157,3.4590142
2021-05-06 21:45:00,25.6479,1.8023641,2.0294209,2.519493,3.4344747
2021-05-06 22:00:00,25.5598,2.828624,2.3944592,2.7957911,3.5965579
2021-05-06 22:15:00,25.6479,4.4369864,4.191471,3.4323468,4.061714
2021-05-06 22:30:00,25.7141,4.7593164,4.8425136,4.1791687,4.826172
2021-05-06 22:45:00,25.7583,4.9694037,5.2471266,4.8137817,5.5658803
2021-05-06 23:00:00,25.7251,5.190315,5.8552938,4.779454,5.778477
2021-05-06 23:15:00,25.6038,6.093332,7.764066,4.944342,6.011297
2021-05-06 23:30:00,25.3954,7.015996,9.929702,5.030808,6.1750636
2021-05-06 23:45:00,25.0798,7.3024364,10.539165,5.121218,6.384629
2021-05-07 00:00:00,25.9468,7.405981,10.129492,6.471894,9.782411
2021-05-07 00:15:00,26.0359,7.45609,10.374211,6.524014,9.937807
2021-05-07 00:30:00,26.0471,7.5349727,10.46584,6.7889347,10.178355
2021-05-07 00:45:00,25.9802,7.3596625,9.991419,7.038191,10.143812
2021-05-07 01:00:00,25.8358,7.452838,10.403401,6.970294,9.9204235
2021-05-07 01:15:00,25.6038,7.3889847,10.409471,6.840667,9.7192745
2021-05-07 01:30:00,25.3517,7.1696343,10.214786,6.8010545,9.950886
2021-05-07 01:45:00,25.0365,7.0805907,10.391756,6.739923,9.969889
2021-05-07 02:00:00,24.6497,6.742519,9.875467,6.698003,10.011159
2021-05-07 02:15:00,24.1517,6.53186,9.5864315,6.7511415,10.049815
2021-05-07 02:30:00,23.5996,6.3305683,9.34471,6.758857,9.672653
2021-05-07 02:45:00,22.9664,6.2352223,8.96923,6.664634,9.1082325
2021-05-07 03:00:00,22.2674,6.4508157,9.1025,6.552028,8.84022
2021-05-07 03:15:00,21.508,6.3163304,8.718139,6.3489666,8.543936
2021-05-07 03:30:00,20.778,6.1130614,8.243556,6.237201,8.330058
2021-05-07 03:45:00,20.076,5.802779,7.609398,6.361132,8.342655
2021-05-07 04:00:00,19.392,5.703335,7.203032,6.437771,8.494687
2021-05-07 04:15:00,18.7514,5.7556934,7.222964,6.396499,8.3805485
2021-05-07 04:30:00,18.1604,5.840585,7.406452,6.3483486,8.29448
2021-05-07 04:45:00,17.6493,6.0658975,7.898721,6.322121,8.284197
2021-05-07 05:00:00,17.2462,6.308737,8.392154,6.362302,8.015567
2021-05-07 05:15:00,16.9543,6.569481,8.758571,6.4285636,8.030778
2021-05-07 05:30:00,16.7537,6.886102,9.138699,6.519236,8.348867
2021-05-07 05:45:00,16.6739,6.9388013,9.354498,6.6374454,8.9628525
2021-05-07 06:00:00,16.7377,6.929325,9.395479,6.72173,9.187172
2021-05-07 06:15:00,16.9463,7.021974,9.393272,6.6761727,9.031621
2021-05-07 06:30:00,17.1811,7.2757525,9.627952,6.4901204,8.536606
2021-05-07 06:45:00,17.4346,7.444532,9.626306,6.239366,7.648038
2021-05-07 07:00:00,17.7157,7.465638,9.560223,5.942329,6.63121
2021-05-07 07:15:00,18.0506,7.3713055,9.377015,5.7740936,6.1593027
2021-05-07 07:30:00,18.3815,7.24349,9.24553,5.657577,6.1423965
2021-05-07 07:45:00,18.7341,7.232519,9.021709,5.489867,6.1281114
2021-05-07 08:00:00,19.118,6.93515,8.603454,5.3371167,6.1323147
2021-05-07 08:15:00,19.5256,6.600266,7.7168703,5.1607194,6.1821017
2021-05-07 08:30:00,19.9305,6.2101192,7.0443673,4.943685,6.1252394
2021-05-07 08:45:00,20.3141,5.7153025,6.8764153,4.8033476,5.7239604
2021-05-07 09:00:00,20.6752,5.835989,7.175237,4.602063,5.171593
2021-05-07 09:15:00,20.9752,6.4222817,7.8680034,4.4158697,5.1030736
2021-05-07 09:30:00,21.2593,6.308888,7.6496463,4.5483804,5.2457223
2021-05-07 09:45:00,21.508,6.229167,7.3005347,4.6702085,5.357198
2021-05-07 10:00:00,21.7298,6.3491364,7.3475766,4.764953,5.437094
2021-05-07 10:15:00,21.9046,6.5754676,7.5609493,5.004479,5.6878214
2021-05-07 10:30:00,22.2082,6.7783628,7.769751,5.2226663,5.9335594
2021-05-07 10:45:00,22.6648,6.843978,7.9153194,5.402337,6.1419983
2021-05-07 11:00:00,23.2711,6.7487707,7.908673,5.609272,6.362573
2021-05-07 11:15:00,24.0363,6.736668,7.8644304,5.7727184,6.5398464
2021-05-07 11:30:00,24.9394,6.714258,7.811259,5.937063,6.7173357
2021-05-07 11:45:00,25.9802,6.6510305,7.6960373,6.03416,6.8181424
2021-05-07 12:00:00,27.1704,6.7753296,7.81263,6.066497,6.850264
2021-05-07 12:15:00,28.5234,7.0177336,8.06632,6.0911665,6.8720317
2021-05-07 12:30:00,29.9672,7.0807676,8.12269,6.0629177,6.833202
2021-05-07 12:45:00,31.521,6.9485207,7.967045,5.9879107,6.742515
2021-05-07 13:00:00,33.1792,6.806472,7.8136134,5.9157395,6.651392
2021-05-07 13:15:00,34.9629,6.8361835,7.862484,5.80704,6.523651
2021-05-07 13:30:00,36.8223,7.0431232,8.101961,5.6635065,6.3632364
2021-05-07 13:45:00,38.744,7.214763,8.296923,5.586917,6.286433
2021-05-07 14:00:00,40.7439,7.234744,8.321907,5.6125665,6.3226347
2021-05-07 14:15:00,42.7739,7.162648,8.2414255,5.70619,6.4142966
2021-05-07 14:30:00,44.8299,7.0788317,8.14817,5.78305,6.4987574
2021-05-07 14:45:00,46.8542,7.015859,8.084437,5.844962,6.580217
2021-05-07 15:00:00,48.837,7.0552106,8.134112,5.951307,6.706417
2021-05-07 15:15:00,50.7688,7.193777,8.302309,6.0114946,6.780844
2021-05-07 15:30:00,52.3699,7.3725944,8.519341,6.0593224,6.844759
2021-05-07 15:45:00,53.6143,7.577226,8.770132,6.1324058,6.93984
2021-05-07 16:00:00,54.4821,7.7462697,8.985292,6.189697,7.0142007
2021-05-07 16:15:00,54.9198,7.830765,9.103019,6.1739974,7.0026608
2021-05-07 16:30:00,55.0996,7.8249183,9.116176,6.1259413,6.9554896
2021-05-07 16:45:00,54.9797,7.8013525,9.108915,6.11851,6.9561825
2021-05-07 17:00:00,54.5615,7.719761,9.037329,6.114542,6.9616246
2021-05-07 17:15:00,53.85,7.64111,8.96778,6.0891833,6.94374
2021-05-07 17:30:00,52.8728,7.571193,8.913362,6.0524554,6.9175715
2021-05-07 17:45:00,51.622,7.4786086,8.832272,6.016306,6.891042
2021-05-07 18:00:00,50.1125,7.289584,8.634669,5.9631615,6.8474936
2021-05-07 18:15:00,48.3991,7.070311,8.398758,5.882189,6.7699194
2021-05-07 18:30:00,46.6947,6.7879376,8.103651,5.7582345,6.646861
2021-05-07 18:45:00,45.019,6.494681,7.86854,5.5988913,6.48861
2021-05-07 19:00:00,43.3562,6.193636,7.6553283,5.412746,6.312619
2021-05-07 19:15:00,41.7087,5.6640425,7.4346204,5.1878495,6.109548
2021-05-07 19:30:00,40.2839,4.6332064,7.3061714,4.8797536,5.885908
2021-05-07 19:45:00,39.0821,3.9475608,7.4707203,3.8939922,5.589697
2021-05-07 20:00:00,38.0747,4.1986675,7.6282163,3.195454,5.464084
2021-05-07 20:15:00,37.251,4.3949943,7.6175675,3.2540107,5.4020996
2021-05-07 20:30:00,36.6315,4.48282,7.641529,3.3699765,5.4128304
2021-05-07 20:45:00,36.1795,4.6003428,7.7080903,3.4396985,5.46587
2021-05-07 21:00:00,35.9047,4.786564,7.780671,3.489217,5.4673033
2021-05-07 21:15:00,35.7895,5.0182533,7.876241,3.506995,5.3825345
2021-05-07 21:30:00,35.7032,5.8982596,7.9715466,3.519014,5.256522
2021-05-07 21:45:00,35.6459,6.1932,8.242239,3.5553854,5.118093
2021-05-07 22:00:00,35.6029,6.2019978,8.37012,3.7789876,5.073278
2021-05-07 22:15:00,35.5599,6.2758536,8.481064,4.59691,5.3745866
2021-05-07 22:30:00,35.36,6.287561,8.567672,4.661071,5.4296393
2021-05-07 22:45:00,34.977,6.358357,8.718825,4.53072,5.29709
2021-05-07 23:00:00,34.4297,6.4211907,8.906582,4.496403,5.217604
2021-05-07 23:15:00,33.6969,6.4475403,9.042768,4.4519553,5.160559
2021-05-07 23:30:00,32.8018,6.4387846,9.112833,4.4788494,5.1574125
2021-05-07 23:45:00,31.7686,6.3363414,8.970852,4.605895,5.2585177
2021-05-08 00:00:00,28.8125,7.2786083,9.801538,5.549698,6.4245896
2021-05-08 00:15:00,27.5417,7.1586204,10.17475,6.1061964,7.829434
2021-05-08 00:30:00,26.316,6.7197204,9.9949045,6.178053,8.668034
2021-05-08 00:45:00,25.1015,6.3088365,9.832974,6.518214,8.810672
2021-05-08 01:00:00,23.9213,6.0594454,9.48386,6.731889,9.407137
2021-05-08 01:15:00,22.7549,6.056226,9.240979,6.9140024,9.863087
2021-05-08 01:30:00,21.6815,6.176792,8.822841,6.8767085,9.776368
2021-05-08 01:45:00,20.6846,6.2012973,8.541387,6.6221333,9.3590555
2021-05-08 02:00:00,19.7408,6.15842,8.237044,6.1266174,8.535893
2021-05-08 02:15:00,18.8469,5.961351,7.836196,5.731093,7.845287
2021-05-08 02:30:00,17.9917,5.780836,7.3820515,5.5711007,7.344109
2021-05-08 02:45:00,17.1729,5.760528,7.208139,5.512076,7.0874553
2021-05-08 03:00:00,16.4046,5.816979,7.264472,5.587227,7.014028
2021-05-08 03:15:00,15.6681,5.8635163,7.3872843,5.6417294,6.904442
2021-05-08 03:30:00,15.0286,5.8921785,7.50688,5.585433,6.7930865
2021-05-08 03:45:00,14.479,5.9731493,7.7349844,5.4261875,6.4451923
2021-05-08 04:00:00,14.0134,6.01431,7.925046,5.1330004,5.616157
2021-05-08 04:15:00,13.6411,5.9787207,7.9388866,4.7895427,4.963161
2021-05-08 04:30:00,13.2956,5.9982,8.028,4.45998,4.5580907
2021-05-08 04:45:00,12.9827,5.961067,8.067238,4.3595676,4.4852676
2021-05-08 05:00:00,12.7209,5.910613,7.8611608,4.421878,4.678054
2021-05-08 05:15:00,12.502,5.8153954,7.4302793,4.5042386,5.010145
2021-05-08 05:30:00,12.3377,5.74555,7.112042,4.649079,5.3804746
2021-05-08 05:45:00,12.2332,5.859998,7.2103,4.8278365,5.5664763
2021-05-08 06:00:00,12.1877,6.03845,8.011326,4.960112,5.581569
2021-05-08 06:15:00,12.2137,6.03287,7.976949,5.007089,5.497533
2021-05-08 06:30:00,12.2462,6.014387,7.5274987,4.990497,5.407536
2021-05-08 06:45:00,12.2919,5.821897,7.1471777,4.895315,5.313456
2021-05-08 07:00:00,12.3442,5.3467283,6.7415986,4.732773,5.2339926
2021-05-08 07:15:00,12.4098,4.952236,6.7397914,4.5736403,5.4141803
2021-05-08 07:30:00,12.4427,5.358104,7.3004937,4.4757595,5.801541
2021-05-08 07:45:00,12.4493,6.1512623,7.7569895,4.532594,6.0455847
2021-05-08 08:00:00,12.423,6.630276,8.136064,4.6713767,6.1216793
2021-05-08 08:15:00,12.3508,6.563229,8.272011,4.7250853,6.13779
2021-05-08 08:30:00,12.2658,6.3864813,7.81301,4.7962728,6.03148
2021-05-08 08:45:00,12.1487,6.212635,7.4566197,4.858099,5.8076825
2021-05-08 09:00:00,12.0,6.187549,7.3432274,5.0933833,5.6210012
2021-05-08 09:15:00,11.8014,6.136581,7.3069577,5.120859,5.696136
2021-05-08 09:30:00,11.6426,6.104344,7.267028,4.9032345,5.4378285
2021-05-08 09:45:00,11.5102,5.951117,7.134401,4.546377,5.072242
2021-05-08 10:00:00,11.4099,5.7552733,6.8020487,4.252183,4.739841
2021-05-08 10:15:00,11.3287,5.631298,6.546605,4.14184,4.620327
2021-05-08 10:30:00,11.3537,5.5622087,6.391606,4.1441317,4.6145725
2021-05-08 10:45:00,11.4788,5.5689626,6.361863,4.2516975,4.7331176
2021-05-08 11:00:00,11.7123,5.5920043,6.381402,4.5133896,5.0364647
2021-05-08 11:15:00,12.0581,5.645451,6.44469,4.856603,5.4354444
2021-05-08 11:30:00,12.4888,5.7696314,6.5850077,5.165993,5.781479
2021-05-08 11:45:00,13.0165,5.9306507,6.7636786,5.3965135,6.0353737
2021-05-08 12:00:00,13.648,6.109756,6.953991,5.6099067,6.2755604
2021-05-08 12:15:00,14.4067,6.163936,7.0096107,5.770036,6.4565682
2021-05-08 12:30:00,15.2523,6.19482,7.0422,5.8360596,6.539355
2021-05-08 12:45:00,16.2007,6.22526,7.0742626,5.8299837,6.5392003
2021-05-08 13:00:00,17.2789,6.2628255,7.1117544,5.7865686,6.4935575
2021-05-08 13:15:00,18.5271,6.2992673,7.1432548,5.7548823,6.454445
2021-05-08 13:30:00,19.8219,6.2825327,7.113203,5.7419777,6.436065
2021-05-08 13:45:00,21.1833,6.167892,6.9699225,5.695765,6.3797607
2021-05-08 14:00:00,22.6248,5.969647,6.738961,5.620395,6.295673
2021-05-08 14:15:00,24.1622,5.8323197,6.5851445,5.559538,6.212155
2021-05-08 14:30:00,25.7472,5.8009377,6.557689,5.517154,6.1613903
2021-05-08 14:45:00,27.3788,5.8814178,6.655565,5.4611554,6.1084967
2021-05-08 15:00:00,29.0551,6.0197344,6.814599,5.4282904,6.0696974
2021-05-08 15:15:00,30.7617,6.133946,6.949118,5.3443317,5.985151
2021-05-08 15:30:00,32.4013,6.175054,7.003176,5.4475408,6.1125255
2021-05-08 15:45:00,33.9168,6.172203,7.006921,5.585597,6.2751913
2021-05-08 16:00:00,35.2604,6.166359,7.0106955,5.649625,6.351907
2021-05-08 16:15:00,36.3976,6.1499586,7.012082,5.6603355,6.369105
2021-05-08 16:30:00,37.3699,6.153292,7.0446014,5.6313567,6.343132
2021-05-08 16:45:00,38.1806,6.1547956,7.070174,5.5508785,6.2592754
2021-05-08 17:00:00,38.8053,6.166049,7.095783,5.444466,6.1483583
2021-05-08 17:15:00,39.2521,6.21661,7.166944,5.333422,6.0342155
2021-05-08 17:30:00,39.5314,6.30051,7.285501,5.2343855,5.933287
2021-05-08 17:45:00,39.6404,6.392207,7.413856,5.1382856,5.837862
2021-05-08 18:00:00,39.547,6.330147,7.3612947,5.1035776,5.814256
2021-05-08 18:15:00,39.2985,6.0951624,7.115307,5.0773745,5.7984753
2021-05-08 18:30:00,39.0051,5.801312,6.807276,4.9900007,5.7177954
2021-05-08 18:45:00,38.7593,5.5161424,6.5684404,4.8217406,5.5468907
2021-05-08 19:00:00,38.5758,5.206758,6.360405,4.614789,5.343169
2021-05-08 19:15:00,38.4996,4.8070126,6.2332926,4.446859,5.2077293
2021-05-08 19:30:00,38.5301,3.7781012,6.2215633,4.279759,5.1585774
2021-05-08 19:45:00,38.6828,3.5917895,6.4332037,3.455001,5.1282973
2021-05-08 20:00:00,38.9743,3.922954,6.7062044,3.0638812,5.199763
2021-05-08 20:15:00,39.4226,4.186776,6.8936677,3.1932807,5.264009
2021-05-08 20:30:00,40.0318,4.3340836,7.009051,3.3370035,5.272965
2021-05-08 20:45:00,40.8396,4.3840184,6.865067,3.5494251,5.502097
2021-05-08 21:00:00,41.855,4.566418,6.739846,3.967813,6.4372272
2021-05-08 21:15:00,43.1392,4.8493,7.256831,4.312713,7.1772685
2021-05-08 21:30:00,44.4537,5.3523793,7.557467,4.4914927,7.3907433
2021-05-08 21:45:00,45.7638,5.738424,7.6319203,4.580679,7.4741673
2021-05-08 22:00:00,47.0141,5.5685534,7.653484,4.620415,7.4647584
2021-05-08 22:15:00,48.1813,5.4708457,7.6410823,4.7237444,7.352748
2021-05-08 22:30:00,49.0387,5.463619,8.025233,4.9117913,7.2160635
2021-05-08 22:45:00,49.5179,5.503811,8.264951,4.867581,7.2666707
2021-05-08 23:00:00,49.4994,5.483314,7.9513164,4.780384,7.439976
2021-05-08 23:15:00,48.947,5.4879475,7.510621,4.7410083,7.4880195
2021-05-08 23:30:00,47.9823,5.457122,7.122263,4.7377915,6.8902836
2021-05-08 23:45:00,46.6063,5.4481177,6.887066,4.6948004,5.93714
2021-05-09 00:00:00,46.9845,6.617068,10.473958,4.765393,6.057222
2021-05-09 00:15:00,45.8711,6.619069,10.000444,4.8707423,5.762731
2021-05-09 00:30:00,44.4092,6.3197637,7.752475,5.0051923,5.6708627
2021-05-09 00:45:00,42.6284,5.676597,6.6523733,4.90611,5.372779
2021-05-09 01:00:00,40.5495,5.27187,5.9424567,4.8756666,5.0099387
2021-05-09 01:15:00,38.2613,5.0139823,5.1276064,4.6535416,4.9978247
2021-05-09 01:30:00,35.9597,5.077693,4.482069,4.7026215,4.6045585
2021-05-09 01:45:00,33.6748,5.1433983,4.403574,3.9067953,2.805111
2021-05-09 02:00:00,31.3825,4.922136,4.3878336,4.1928988,4.150308
2021-05-09 02:15:00,29.1024,4.4462214,4.0412693,4.381632,5.303298
2021-05-09 02:30:00,26.9166,4.1623044,3.520176,4.2653017,4.350075
2021-05-09 02:45:00,24.8165,3.953198,3.2476392,3.5878875,3.2991407
2021-05-09 03:00:00,22.7756,3.6789129,2.950467,2.8609354,2.6497316
2021-05-09 03:15:00,20.7909,3.4148388,2.6212382,2.4536479,2.1456826
2021-05-09 03:30:00,19.0693,3.1818163,2.3731024,1.9921644,1.4688994
2021-05-09 03:45:00,17.5495,3.0040243,2.1527886,1.8750969,1.2719787
2021-05-09 04:00:00,16.2188,2.7571256,1.7475873,2.010828,1.4089153
2021-05-09 04:15:00,15.0523,2.3612657,1.1234597,2.1926093,1.8228822
2021-05-09 04:30:00,14.0637,1.8549913,0.5220633,2.1094527,1.825283
2021-05-09 04:45:00,13.2338,1.4537697,0.6445978,1.8933394,1.5587324
2021-05-09 05:00:00,12.5422,1.3222094,0.9767031,1.7773112,1.3766581
2021-05-09 05:15:00,11.966,1.2636929,1.2503998,1.8780885,1.2457308
2021-05-09 05:30:00,11.5041,1.4020139,1.3699335,2.191265,1.5327867
2021-05-09 05:45:00,11.1449,1.7387311,1.5216923,2.5177133,2.1195707
2021-05-09 06:00:00,10.8785,2.2120802,1.8012882,2.6595354,2.6360724
2021-05-09 06:15:00,10.6906,2.7125123,1.9352604,2.753281,3.1976492
2021-05-09 06:30:00,10.6146,2.9530752,2.0345993,2.8675675,3.6995413
2021-05-09 06:45:00,10.6555,2.8118958,2.0950336,2.9349508,3.9354765
2021-05-09 07:00:00,10.8079,2.5548172,1.9893185,3.0059786,4.1215634
2021-05-09 07:15:00,11.0796,2.4078975,1.9333929,2.954049,4.2182913
2021-05-09 07:30:00,11.3359,2.3086815,2.1117256,2.80262,4.261777
2021-05-09 07:45:00,11.5766,2.8600707,2.1808405,2.945125,4.388586
2021-05-09 08:00:00,11.801,2.0583928,1.8677853,3.3973684,4.4352984
2021-05-09 08:15:00,12.0213,1.4865553,1.7333825,3.3534667,4.295836
2021-05-09 08:30:00,12.2247,2.2079408,2.4522147,3.620768,3.957686
2021-05-09 08:45:00,12.4235,2.749602,2.9193811,3.3882313,3.676072
2021-05-09 09:00:00,12.63,2.8323653,2.9922998,3.3009157,3.6099584
2021-05-09 09:15:00,12.8509,2.5929801,2.7400491,3.3085153,3.607443
2021-05-09 09:30:00,12.9524,2.5050206,2.6449802,3.1954455,3.4627926
2021-05-09 09:45:00,12.9779,2.4479766,2.5843408,3.0506697,3.2906842
2021-05-09 10:00:00,12.9588,2.5307274,2.6696615,2.9038155,3.1236813
2021-05-09 10:15:00,12.927,2.5771852,2.7159505,2.7970896,3.003681
2021-05-09 10:30:00,12.8255,2.5096421,2.6451037,2.7221477,2.9147367
2021-05-09 10:45:00,12.674,2.4454489,2.5692713,2.4987195,2.6524644
2021-05-09 11:00:00,12.4796,2.407888,2.5076964,2.208824,2.322333
2021-05-09 11:15:00,12.2557,2.3358104,2.4205606,2.0175772,2.0926228
2021-05-09 11:30:00,12.009,2.2658443,2.357012,1.9436966,1.9719381
2021-05-09 11:45:00,11.7402,2.2603142,2.358976,1.9223299,1.8708616
2021-05-09 12:00:00,11.45,2.195115,2.280144,2.0122952,1.8735024
2021-05-09 12:15:00,11.1271,2.2422621,2.3338952,2.1669216,1.9701312
2021-05-09 12:30:00,10.8255,2.4645581,2.5680285,2.2760684,2.044386
2021-05-09 12:45:00,10.5563,2.666777,2.7798326,2.273124,2.0725663
2021-05-09 13:00:00,10.3127,2.83575,2.958798,2.2248135,2.1208336
2021-05-09 13:15:00,10.1055,2.942664,3.068836,2.226568,2.2328074
2021-05-09 13:30:00,10.0483,2.9716632,3.0988429,2.3486667,2.453575
2021-05-09 13:45:00,10.1055,3.0610259,3.2261755,2.50124,2.6878572
2021-05-09 14:00:00,10.2435,3.200158,3.4242897,2.6614695,2.9371035
2021-05-09 14:15:00,10.4285,3.4163475,3.6900713,3.0991814,3.4249542
2021-05-09 14:30:00,10.6497,3.6034415,3.9124978,3.7760744,4.1449447
2021-05-09 14:45:00,10.8962,3.9133446,4.250782,4.2423177,4.6454597
2021-05-09 15:00:00,11.1568,3.9091535,4.2160716,4.5175548,4.962241
2021-05-09 15:15:00,11.4139,3.5020986,3.7330887,4.7994485,5.2842107
2021-05-09 15:30:00,11.6552,3.255886,3.4379013,5.044397,5.5793524
2021-05-09 15:45:00,11.8926,3.2368994,3.407179,5.437645,6.0633664
2021-05-09 16:00:00,12.1505,3.059621,3.2267475,5.9278455,6.6230097
2021-05-09 16:15:00,12.4547,2.7308424,2.9105256,5.755143,6.4231935
2021-05-09 16:30:00,12.7497,2.4029832,2.6117177,5.2447014,5.8907585
2021-05-09 16:45:00,13.048,2.2670782,2.5220773,4.9514394,5.5607615
2021-05-09 17:00:00,13.3628,2.3980381,2.6898782,4.9211755,5.550183
2021-05-09 17:15:00,13.701,2.5117676,2.7803202,5.7109704,6.4169765
2021-05-09 17:30:00,14.0703,2.3052847,2.513638,5.927882,6.6920896
2021-05-09 17:45:00,14.4923,2.1650708,2.3645823,6.00478,6.798897
2021-05-09 18:00:00,14.9833,2.362938,2.622765,5.9697356,6.7690024
2021-05-09 18:15:00,15.5405,2.9629831,3.3338208,5.83316,6.621891
2021-05-09 18:30:00,16.0169,3.8149145,4.2998567,5.6790915,6.464105
2021-05-09 18:45:00,16.4077,4.2151084,4.7832336,5.556258,6.3558025
2021-05-09 19:00:00,16.7159,4.3508058,4.9780097,5.4698496,6.28574
2021-05-09 19:15:00,16.9459,4.187613,4.8535194,5.424767,6.2677565
2021-05-09 19:30:00,17.1179,3.4369106,4.0938,5.400679,6.3001065
2021-05-09 19:45:00,17.2082,1.9339147,2.898797,5.4587803,6.4628553
2021-05-09 20:00:00,17.2082,1.5703379,1.970752,5.499307,6.663552
2021-05-09 20:15:00,17.0804,1.5818323,1.8424431,5.1613607,6.8336787
2021-05-09 20:30:00,16.9161,1.8892872,2.5113575,4.7370143,7.055009
2021-05-09 20:45:00,16.6938,2.6762245,4.0832505,4.63301,7.3152475
2021-05-09 21:00:00,16.4077,4.817041,8.30762,4.8523664,7.819556
2021-05-09 21:15:00,16.0456,4.3455873,8.968824,5.2657604,8.427919
2021-05-09 21:30:00,15.6817,3.9389803,9.809399,5.211702,8.484653
2021-05-09 21:45:00,15.3161,4.888596,10.6868515,5.1046376,8.212468
2021-05-09 22:00:00,14.9627,4.7892013,9.13502,4.6182146,7.7756176
2021-05-09 22:15:00,14.6074,4.0969596,10.338829,4.6585016,8.036866
2021-05-09 22:30:00,14.4788,3.9415853,8.531875,4.5427337,7.839176
2021-05-09 22:45:00,14.5667,2.4738722,6.4439344,5.0587564,8.889408
2021-05-09 23:00:00,14.8802,0.7827167,4.639831,5.7278914,9.314005
2021-05-09 23:15:00,15.4351,3.3541825,5.106467,5.569568,8.44525
2021-05-09 23:30:00,16.2115,4.083993,9.020025,5.0944185,7.628079
2021-05-09 23:45:00,17.2383,5.131968,8.6813755,4.8840313,7.0920773
2021-05-10 00:00:00,19.5198,4.3811994,8.893742,4.795837,8.430187
2021-05-10 00:15:00,20.635,4.6234784,9.207014,5.340048,8.207385
2021-05-10 00:30:00,21.7466,4.7838993,9.29224,5.42175,8.348349
2021-05-10 00:45:00,22.8507,4.637062,8.517627,5.5148096,8.122915
2021-05-10 01:00:00,23.9527,4.7383666,8.593315,5.5914183,8.144216
2021-05-10 01:15:00,25.0391,4.8239202,8.566974,5.392521,7.85041
2021-05-10 01:30:00,26.2105,4.5811105,7.9439254,5.3108473,7.9917817
2021-05-10 01:45:00,27.4407,4.488976,7.451362,5.328241,8.492075
2021-05-10 02:00:00,28.7332,4.527303,7.2257557,5.780863,9.944057
2021-05-10 02:15:00,30.0318,4.6587977,7.6613474,6.101233,10.607776
2021-05-10 02:30:00,31.1969,4.200799,6.9875474,6.1662216,10.510034
2021-05-10 02:45:00,32.2237,3.6674538,5.3835435,6.340635,10.115092
2021-05-10 03:00:00,33.0979,3.5558074,4.0513134,5.6350646,9.123638
2021-05-10 03:15:00,33.7806,3.342029,3.7697058,4.8328843,8.614724
2021-05-10 03:30:00,34.1399,3.4994066,4.807416,4.8988695,8.548174
2021-05-10 03:45:00,34.1801,4.2272315,5.7068477,4.6367397,8.6037445
2021-05-10 04:00:00,33.8734,4.531887,6.243754,4.7199874,8.639353
2021-05-10 04:15:00,33.2544,4.5111904,6.2295165,4.7326713,8.634536
2021-05-10 04:30:00,32.4403,4.551932,6.2405944,4.86225,8.708099
2021-05-10 04:45:00,31.4198,4.6439376,6.3233514,5.12355,8.953999
2021-05-10 05:00:00,30.2353,4.6545763,6.420547,5.55743,9.354205
2021-05-10 05:15:00,28.8827,4.4911933,6.310185,5.9859533,9.710232
2021-05-10 05:30:00,27.4737,4.4675536,6.8707805,6.231692,9.917647
2021-05-10 05:45:00,26.0312,4.9940553,7.374852,6.2981405,10.026545
2021-05-10 06:00:00,24.5856,5.029108,7.377427,6.3231974,10.068502
2021-05-10 06:15:00,23.1529,4.605204,6.55588,6.4324384,10.117999
2021-05-10 06:30:00,22.0001,4.287539,6.0514364,6.4108458,10.0886135
2021-05-10 06:45:00,21.1232,4.0231576,5.9527593,6.4593763,10.031818
2021-05-10 07:00:00,20.5402,3.6486957,5.3675866,6.5355573,9.950021
2021-05-10 07:15:00,20.2493,3.2671192,5.0308814,6.620474,9.839019
2021-05-10 07:30:00,20.3175,4.018563,4.708094,6.8234763,9.665337
2021-05-10 07:45:00,20.7475,4.1342196,4.399444,7.263007,9.459783
2021-05-10 08:00:00,21.549,3.6973298,4.268468,7.286306,9.237283
2021-05-10 08:15:00,22.7569,3.318226,4.3788433,7.7170186,9.176722
2021-05-10 08:30:00,24.3664,4.3474755,5.8537602,7.8814507,9.230862
2021-05-10 08:45:00,26.4334,6.122605,7.7022457,7.8526783,9.185159
2021-05-10 09:00:00,29.0097,7.3028145,8.902095,7.7880435,9.103995
2021-05-10 09:15:00,32.1603,8.320934,9.934352,7.758281,9.046685
2021-05-10 09:30:00,35.8479,8.9028015,10.591584,7.6957974,8.9698515
2021-05-10 09:45:00,40.1473,9.375722,11.172339,7.6161036,8.860918
2021-05-10 10:00:00,45.1183,9.783026,11.634758,7.6490154,8.910708
2021-05-10 10:15:00,50.7739,9.836387,11.648174,7.8123865,9.097367
2021-05-10 10:30:00,56.6275,9.585061,11.316723,7.9668007,9.263247
2021-05-10 10:45:00,62.467,9.38819,11.029975,8.075516,9.360704
2021-05-10 11:00:00,68.09,9.217345,10.773109,8.074474,9.332907
2021-05-10 11:15:00,73.306,8.962443,10.410813,8.0185375,9.238645
2021-05-10 11:30:00,78.0282,8.560876,9.894404,7.888228,9.062156
2021-05-10 11:45:00,82.1149,8.146526,9.378264,7.7593346,8.889576
2021-05-10 12:00:00,85.5443,7.8208904,8.9715,7.615432,8.701692
2021-05-10 12:15:00,88.2633,7.5262322,8.608504,7.475913,8.522031
2021-05-10 12:30:00,90.2882,7.250655,8.283719,7.355178,8.365063
2021-05-10 12:45:00,91.595,7.0717773,8.08048,7.257304,8.237436
2021-05-10 13:00:00,92.1967,6.9414544,7.926024,7.1246147,8.074213
2021-05-10 13:15:00,92.0872,6.780028,7.7356105,6.9580865,7.874211
2021-05-10 13:30:00,91.3494,6.6915703,7.636929,6.7611556,7.6415057
2021-05-10 13:45:00,90.0712,6.7426867,7.700586,6.572258,7.420058
2021-05-10 14:00:00,88.2633,6.8565693,7.8309364,6.426242,7.248074
2021-05-10 14:15:00,86.1007,6.8628764,7.8347054,6.3110495,7.1184974
2021-05-10 14:30:00,83.4937,6.780423,7.746677,6.220752,7.0075746
2021-05-10 14:45:00,80.5946,6.7823844,7.7511325,6.1246257,6.8931727
2021-05-10 15:00:00,77.4755,6.8535085,7.833111,6.0402265,6.7972074
2021-05-10 15:15:00,74.2559,6.996893,8.001619,5.9966397,6.7459416
2021-05-10 15:30:00,71.0236,7.1194916,8.150514,5.977588,6.7247744
2021-05-10 15:45:00,67.8126,7.1616035,8.211764,5.9454074,6.6921334
2021-05-10 16:00:00,64.6766,7.1247296,8.175996,5.894984,6.6395087
2021-05-10 16:15:00,61.5765,7.04155,8.090183,5.80902,6.544104
2021-05-10 16:30:00,58.5834,7.0854197,8.155353,5.7121663,6.4397187
2021-05-10 16:45:00,55.7584,7.0586834,8.137612,5.640002,6.3657684
2021-05-10 17:00:00,53.1533,7.020144,8.106254,5.5764027,6.300853
2021-05-10 17:15:00,50.7739,6.9844203,8.073862,5.4763165,6.195835
2021-05-10 17:30:00,48.6778,6.897229,7.981342,5.3801684,6.096152
2021-05-10 17:45:00,46.8617,6.7205353,7.791658,5.322297,6.0423446
2021-05-10 18:00:00,45.2884,6.494042,7.5460277,5.273266,6.002725
2021-05-10 18:15:00,43.9416,6.302341,7.3452325,5.1897845,5.925161
2021-05-10 18:30:00,42.8395,6.1318502,7.161703,5.111138,5.856646
2021-05-10 18:45:00,41.9842,5.871301,6.907663,5.0548053,5.8162103
2021-05-10 19:00:00,41.3325,5.681225,6.7548943,4.988136,5.7701483
2021-05-10 19:15:00,40.8455,5.2936134,6.418107,4.87759,5.6784616
2021-05-10 19:30:00,40.4408,4.633368,5.9392166,4.7307715,5.5637465
2021-05-10 19:45:00,40.1165,3.5709047,5.7509212,4.5269427,5.4327326
2021-05-10 20:00:00,39.8862,3.2784271,5.495768,3.7554529,5.2128177
2021-05-10 20:15:00,39.7486,3.3452613,5.20284,3.0020752,5.0993533
2021-05-10 20:30:00,39.7028,3.7242534,6.2311206,2.9942276,5.0199633
2021-05-10 20:45:00,39.7333,4.641637,7.906656,2.9582996,4.9049425
2021-05-10 21:00:00,39.8403,4.601439,7.241838,2.8898773,4.6932473
2021-05-10 21:15:00,40.0242,4.485528,7.073246,2.8591726,4.441935
2021-05-10 21:30:00,40.0703,4.7732325,7.163471,2.9160838,4.3434806
2021-05-10 21:45:00,40.0089,5.3844686,7.4836297,3.0158627,4.4803042
2021-05-10 22:00:00,39.8403,5.766562,8.025255,3.1264505,4.7519555
2021-05-10 22:15:00,39.5504,5.956759,8.357709,3.2573845,5.004066
2021-05-10 22:30:00,39.1417,6.103158,8.3728075,3.389864,5.0946183
2021-05-10 22:45:00,38.6025,5.8927627,8.044279,3.6630979,4.998814
2021-05-10 23:00:00,37.9521,5.3863993,7.816775,4.198011,4.9509597
2021-05-10 23:15:00,37.1813,5.0151296,7.6776876,4.072346,4.7504473
2021-05-10 23:30:00,36.2689,4.8081355,6.9317675,4.0498962,4.5052304
2021-05-10 23:45:00,35.2521,4.5075655,5.7782974,4.0058947,4.3610497
2021-05-11 00:00:00,31.8572,3.8974755,4.160292,4.1896944,6.38615
2021-05-11 00:15:00,29.9842,3.9807644,4.1011896,4.155696,5.769799
2021-05-11 00:30:00,28.0635,4.0608916,4.1832066,4.0969024,4.611382
2021-05-11 00:45:00,26.1154,4.291556,4.530813,4.07441,4.110689
2021-05-11 01:00:00,24.1884,5.0222507,6.2937384,3.8941863,3.219664
2021-05-11 01:15:00,22.2929,5.502315,7.7143393,3.7350519,3.2620897
2021-05-11 01:30:00,20.523,5.5097322,7.907267,3.6650164,3.389314
2021-05-11 01:45:00,18.8671,5.5465965,7.940383,3.2646008,3.0436664
2021-05-11 02:00:00,17.3139,5.3309407,7.6943088,3.0568297,2.6448166
2021-05-11 02:15:00,15.8666,5.4926295,7.7503133,2.833402,2.504801
2021-05-11 02:30:00,14.5058,5.757163,8.102257,2.679652,2.4355881
2021-05-11 02:45:00,13.221,5.96241,8.504165,3.040324,2.9734757
2021-05-11 03:00:00,12.009,6.0331283,8.563449,4.313977,4.5233116
2021-05-11 03:15:00,10.8667,5.9591117,8.469825,4.725402,5.1479983
2021-05-11 03:30:00,9.8373,5.934632,8.505059,4.9083757,5.403618
2021-05-11 03:45:00,8.9202,5.913097,8.500535,4.9038663,4.726498
2021-05-11 04:00:00,8.111,5.9516006,8.4779625,4.626188,4.5048084
2021-05-11 04:15:00,7.407,6.0115247,8.453092,4.8004575,4.571673
2021-05-11 04:30:00,6.8272,6.057133,8.433072,5.0172153,4.834587
2021-05-11 04:45:00,6.3648,6.1422443,8.471307,5.133105,5.506511
2021-05-11 05:00:00,6.0046,6.172537,8.575963,5.1919928,6.551002
2021-05-11 05:15:00,5.7426,6.249041,8.932109,5.29408,7.1487327
2021-05-11 05:30:00,5.5613,6.334184,9.339736,5.2703485,7.5041733
2021-05-11 05:45:00,5.4688,6.340904,9.418274,5.1950135,7.667874
2021-05-11 06:00:00,5.4639,6.2627597,9.344192,5.126755,7.7879667
2021-05-11 06:15:00,5.5467,6.235984,9.34244,5.1339893,7.840512
2021-05-11 06:30:00,5.6543,6.22005,9.36354,5.2158136,8.009585
2021-05-11 06:45:00,5.7918,6.3833227,9.498629,5.3450503,8.220707
2021-05-11 07:00:00,5.955,6.440325,9.531132,5.40176,8.263964
2021-05-11 07:15:00,6.1541,6.4130006,9.484563,5.34095,8.122543
2021-05-11 07:30:00,6.3447,6.442033,8.936564,5.24075,7.8535395
2021-05-11 07:45:00,6.5418,6.1142673,8.117399,5.1247005,7.47903
2021-05-11 08:00:00,6.7402,6.2451754,7.1383944,5.023323,6.8927073
2021-05-11 08:15:00,6.9453,5.999393,6.695782,4.6758604,6.078545
2021-05-11 08:30:00,7.1571,5.667825,6.365633,4.354672,4.8920875
2021-05-11 08:45:00,7.3809,4.964338,5.381397,3.6330085,4.0752206
2021-05-11 09:00:00,7.617,4.256325,4.5930805,2.8315763,3.1661944
2021-05-11 09:15:00,7.8815,3.6919706,3.9980645,2.0359375,2.2632096
2021-05-11 09:30:00,8.1592,3.0716977,3.3286953,1.4004208,1.5355829
2021-05-11 09:45:00,8.4558,2.397443,2.5844936,0.9828204,0.96929723
