datetime,power,feature_wind_speed,feature_wind_speed_2,feature_wind_speed_3,feature_hour,feature_month,feature_is_daytime,feature_wind_lag_1h,feature_wind_lag_24h
2021-05-01 00:00:00,29.6714,8.307833,69.02008915588901,573.4073743522368,0,5,0,8.307833,8.307833
2021-05-01 00:15:00,29.1351,8.87517,78.76864252890002,699.0850931132176,0,5,0,8.307833,8.307833
2021-05-01 00:30:00,28.5939,8.98317,80.69734324889998,724.9179529532208,0,5,0,8.87517,8.307833
2021-05-01 00:45:00,28.0354,8.920717,79.579191794089,709.9034490837902,0,5,0,8.98317,8.307833
2021-05-01 01:00:00,27.4607,8.968456,80.433203023936,721.3616422592369,1,5,0,8.920717,8.307833
2021-05-01 01:15:00,26.846,9.144028,83.613248064784,764.5618814753308,1,5,0,8.968456,8.307833
2021-05-01 01:30:00,26.1943,9.5317745,90.85472511885024,866.006752092366,1,5,0,9.144028,8.307833
2021-05-01 01:45:00,25.5088,9.67913,93.68555755690001,906.7946907157177,1,5,0,9.5317745,8.307833
2021-05-01 02:00:00,24.7929,9.889612,97.804425510544,967.247820182182,2,5,0,9.67913,8.307833
2021-05-01 02:15:00,24.0616,10.029373,100.588322773129,1008.8378085361051,2,5,0,9.889612,8.307833
2021-05-01 02:30:00,23.3508,10.094411,101.89713343692098,1028.5915446341228,2,5,0,10.029373,8.307833
2021-05-01 02:45:00,22.671,9.989972,99.799540560784,996.9946158150964,2,5,0,10.094411,8.307833
2021-05-01 03:00:00,22.042,9.812157,96.27842499264898,944.6990217405955,3,5,0,9.989972,8.307833
2021-05-01 03:15:00,21.4607,9.65979,93.31154284409999,901.3699084500086,3,5,0,9.812157,8.307833
2021-05-01 03:30:00,20.9846,9.523828,90.70329977358399,863.842626076053,3,5,0,9.65979,8.307833
2021-05-01 03:45:00,20.6172,9.331814,87.082752530596,812.640049223551,3,5,0,9.523828,8.307833
2021-05-01 04:00:00,20.3628,9.118454,83.146203350116,758.1648305226786,4,5,0,9.331814,8.307833
2021-05-01 04:15:00,20.2561,8.9452715,80.01788220871227,715.7816812119509,4,5,0,9.118454,8.307833
2021-05-01 04:30:00,20.2078,8.871967,78.71179844908899,698.3284783509687,4,5,0,8.9452715,8.307833
2021-05-01 04:45:00,20.2271,9.007889,81.142064236321,730.9187078716494,4,5,0,8.871967,8.307833
2021-05-01 05:00:00,20.3239,9.208427,84.795127814329,780.8297444339182,5,5,0,9.007889,8.307833
2021-05-01 05:15:00,20.4896,9.452423,89.348300570929,844.5579313275623,5,5,0,9.208427,8.307833
2021-05-01 05:30:00,20.6961,9.655858,93.235593716164,900.2696534689719,5,5,0,9.452423,8.307833
2021-05-01 05:45:00,20.9446,9.609459,92.34170227268099,887.3538019795348,5,5,0,9.655858,8.307833
2021-05-01 06:00:00,21.2163,9.403241,88.420941304081,831.4434205291278,6,5,1,9.609459,8.307833
2021-05-01 06:15:00,21.5223,9.156986,83.850392604196,767.8168711711263,6,5,1,9.403241,8.87517
2021-05-01 06:30:00,21.7287,8.972341,80.502903020281,722.299497387891,6,5,1,9.156986,8.98317
2021-05-01 06:45:00,21.8222,8.813006,77.669074756036,684.4980218393937,6,5,1,8.972341,8.920717
2021-05-01 07:00:00,21.7702,8.701615,75.71810360822501,658.8697861288848,7,5,1,8.813006,8.968456
2021-05-01 07:15:00,21.5737,8.630478,74.485150508484,642.84245279016,7,5,1,8.701615,9.144028
2021-05-01 07:30:00,21.2264,8.606824,74.07741936697599,637.5713108657537,7,5,1,8.630478,9.5317745
2021-05-01 07:45:00,20.7059,8.60847,74.10575574090001,637.9371751228655,7,5,1,8.606824,9.67913
2021-05-01 08:00:00,20.0254,8.642402,74.69111232960401,645.5106185795944,8,5,1,8.60847,9.889612
2021-05-01 08:15:00,19.1833,8.568051,73.411497938601,628.9934583243283,8,5,1,8.642402,10.029373
2021-05-01 08:30:00,18.2548,8.370727,70.06907050852901,586.5290603706476,8,5,1,8.568051,10.094411
2021-05-01 08:45:00,17.2323,8.198506,67.215500632036,551.0666852247509,8,5,1,8.370727,9.989972
2021-05-01 09:00:00,16.1379,7.535821,56.788598144041,427.9487104544252,9,5,1,8.198506,9.812157
2021-05-01 09:15:00,14.9939,6.931989,48.052471496120994,333.09920383392426,9,5,1,7.535821,9.65979
2021-05-01 09:30:00,13.999,6.467169,41.824274874561,270.48465391623984,9,5,1,6.931989,9.523828
2021-05-01 09:45:00,13.1391,5.5435987,30.731486546641694,170.36302886903042,9,5,1,6.467169,9.331814
2021-05-01 10:00:00,12.3958,4.6414185,21.542765692142254,99.98899122467436,10,5,1,5.5435987,9.118454
2021-05-01 10:15:00,11.7484,3.8875139,15.112764322693211,58.751081371893946,10,5,1,4.6414185,8.9452715
2021-05-01 10:30:00,11.2444,3.1950207,10.20815727342849,32.615273797459594,10,5,1,3.8875139,8.871967
2021-05-01 10:45:00,10.879,2.6430614,6.9857735641699605,18.463828456598048,10,5,1,3.1950207,9.007889
2021-05-01 11:00:00,10.6461,2.333598,5.445679625603999,12.70802708295024,11,5,1,2.6430614,9.208427
2021-05-01 11:15:00,10.5592,2.1922653,4.806027145584089,10.536086542122046,11,5,1,2.333598,9.452423
2021-05-01 11:30:00,10.5898,2.1150959,4.47363066619681,9.462157880187142,11,5,1,2.1922653,9.655858
2021-05-01 11:45:00,10.7543,2.0593867,4.241073580136891,8.734010524655297,11,5,1,2.1150959,9.609459
2021-05-01 12:00:00,11.0683,2.021351,4.085859865201001,8.258956924383908,12,5,1,2.0593867,9.403241
2021-05-01 12:15:00,11.5543,1.9965461,3.98619632942521,7.958624735348218,12,5,1,2.021351,9.156986
2021-05-01 12:30:00,12.1975,1.9900041,3.96011631801681,7.880647709330355,12,5,1,1.9965461,8.972341
2021-05-01 12:45:00,13.0338,2.0540347,4.21905854880409,8.666092660575243,12,5,1,1.9900041,8.813006
2021-05-01 13:00:00,14.1054,2.240623,5.020391428128999,11.248804502868682,13,5,1,2.0540347,8.701615
2021-05-01 13:15:00,15.4851,2.5280762,6.39116927300644,16.157362929258884,13,5,1,2.240623,8.630478
2021-05-01 13:30:00,17.061,2.8761086,8.272000678993958,23.791172292060363,13,5,1,2.5280762,8.606824
2021-05-01 13:45:00,18.8746,3.242461,10.513553336521,34.08978666508922,13,5,1,2.8761086,8.60847
2021-05-01 14:00:00,20.9646,3.6083999,13.020549838320012,46.98335073453895,14,5,1,3.242461,8.642402
2021-05-01 14:15:00,23.373,3.889164,15.125596618896001,58.82592584873205,14,5,1,3.6083999,8.568051
2021-05-01 14:30:00,26.2067,4.1424584,17.159961595730557,71.08442705591145,14,5,1,3.889164,8.370727
2021-05-01 14:45:00,29.5054,4.450192,19.804208836864003,88.1325317321415,14,5,1,4.1424584,8.198506
2021-05-01 15:00:00,33.3318,4.655305,21.671864643025003,100.88913983199751,15,5,1,4.450192,7.535821
2021-05-01 15:15:00,37.7831,4.9164553,24.17153271689809,118.83826013511701,15,5,1,4.655305,6.931989
2021-05-01 15:30:00,42.8937,5.189052,26.926260658704003,139.72176672356932,15,5,1,4.9164553,6.467169
2021-05-01 15:45:00,48.6388,5.372113,28.859598084768997,155.03702204596263,15,5,1,5.189052,5.5435987
2021-05-01 16:00:00,55.0004,5.5684094,31.007183246008363,172.66069065459547,16,5,1,5.372113,4.6414185
2021-05-01 16:15:00,61.8634,5.9442086,35.33361588031396,210.03038338485877,16,5,1,5.5684094,3.8875139
2021-05-01 16:30:00,68.9421,6.322897,39.979026472609,252.78326654658005,16,5,1,5.9442086,3.1950207
2021-05-01 16:45:00,76.1265,6.5839257,43.34807762312049,285.4005223084579,16,5,1,6.322897,2.6430614
2021-05-01 17:00:00,83.3039,6.911846,47.773615127716,330.2038706260433,17,5,1,6.5839257,2.333598
2021-05-01 17:15:00,90.3637,7.1946898,51.76356131822404,372.42276662790107,17,5,1,6.911846,2.1922653
2021-05-01 17:30:00,96.97,7.5623527,57.18917835919729,432.4847373754572,17,5,1,7.1946898,2.1150959
2021-05-01 17:45:00,103.0181,8.057445,64.922419928025,523.1088278369652,17,5,1,7.5623527,2.0593867
2021-05-01 18:00:00,108.3936,8.551372,73.125963082384,625.3273131757323,18,5,0,8.057445,2.021351
2021-05-01 18:15:00,112.9702,8.815377,77.710871652129,685.0506306121299,18,5,0,8.551372,1.9965461
2021-05-01 18:30:00,116.697,8.903979,79.28084203244099,705.9149525591719,18,5,0,8.815377,1.9900041
2021-05-01 18:45:00,119.5354,8.926338,79.679510090244,711.2462387399283,18,5,0,8.903979,2.0540347
2021-05-01 19:00:00,121.3665,8.904482,79.289799688324,706.0345941082866,19,5,0,8.926338,2.240623
2021-05-01 19:15:00,122.163,8.905731,79.312044644361,706.3317346626696,19,5,0,8.904482,2.5280762
2021-05-01 19:30:00,121.9271,8.896535,79.148335006225,704.1459325746059,19,5,0,8.905731,2.8761086
2021-05-01 19:45:00,120.6875,8.63244,74.51902035360001,643.280972061231,19,5,0,8.896535,3.242461
2021-05-01 20:00:00,118.5896,8.289149,68.709991144201,569.5473543829626,20,5,0,8.63244,3.6083999
2021-05-01 20:15:00,115.6912,8.130012,66.097095120144,537.3701764919123,20,5,0,8.289149,3.889164
2021-05-01 20:30:00,112.2903,7.976763,63.628747958169,507.551442449048,20,5,0,8.130012,4.1424584
2021-05-01 20:45:00,108.482,7.7440724,59.97065733644177,464.4171122889962,20,5,0,7.976763,4.450192
2021-05-01 21:00:00,104.3068,7.5163693,56.49580745398249,424.64335272582514,21,5,0,7.7440724,4.655305
2021-05-01 21:15:00,99.8097,7.3634634,54.220593243139554,399.2513538721454,21,5,0,7.5163693,4.9164553
2021-05-01 21:30:00,95.5865,6.979953,48.719743882209,340.06152246985636,21,5,0,7.3634634,5.189052
2021-05-01 21:45:00,91.6398,6.546859,42.861362765881005,280.607298576073,21,5,0,6.979953,5.372113
2021-05-01 22:00:00,88.0252,5.77778,33.3827417284,192.87813750351495,22,5,0,6.546859,5.5684094
2021-05-01 22:15:00,84.7378,6.000292,36.003504085264,216.0315375347769,22,5,0,5.77778,5.9442086
2021-05-01 22:30:00,81.9615,6.439086,41.46182851539599,266.97627952788713,22,5,0,6.000292,6.322897
2021-05-01 22:45:00,79.6269,7.2686815,52.83373074844224,384.0315612671833,22,5,0,6.439086,6.5839257
2021-05-01 23:00:00,77.7211,8.1928625,67.12299594390626,549.9294763564817,23,5,0,7.2686815,6.911846
2021-05-01 23:15:00,76.2323,8.630183,74.480058613489,642.7765356851364,23,5,0,8.1928625,7.1946898
2021-05-01 23:30:00,75.2032,9.011123,81.20033772112899,731.706230846633,23,5,0,8.630183,7.5623527
2021-05-01 23:45:00,74.6517,9.540523,91.021579113529,868.3934690289432,23,5,0,9.011123,8.057445
2021-05-02 00:00:00,84.7101,8.837965,78.10962534122501,690.3301349288597,0,5,0,9.540523,8.551372
2021-05-02 00:15:00,85.9583,9.272046,85.97083702611599,797.1255555646507,0,5,0,8.837965,8.815377
2021-05-02 00:30:00,86.85,9.564997,91.489167610009,875.0936137222333,0,5,0,9.272046,8.903979
2021-05-02 00:45:00,87.325,9.693369,93.96140257016101,910.8025468701192,0,5,0,9.564997,8.926338
2021-05-02 01:00:00,87.297,9.737123,94.81156431712901,923.1918635782962,1,5,0,9.693369,8.904482
2021-05-02 01:15:00,86.7662,9.795563,95.953054486969,939.9141902695374,1,5,0,9.737123,8.905731
2021-05-02 01:30:00,85.3472,9.872168,97.459701020224,962.1385417014228,1,5,0,9.795563,8.896535
2021-05-02 01:45:00,83.0018,9.871982,97.45602860832399,962.0841602128593,1,5,0,9.872168,8.63244
2021-05-02 02:00:00,79.7619,9.879084,97.59630067905601,964.1620524976514,2,5,0,9.871982,8.289149
2021-05-02 02:15:00,75.651,9.7175045,94.42989370752026,917.6229170373498,2,5,0,9.879084,8.130012
2021-05-02 02:30:00,70.9737,6.668656,44.470972846336004,296.5616198975557,2,5,0,9.7175045,7.976763
2021-05-02 02:45:00,65.829,7.827487,61.26955273516899,479.58662753034974,2,5,0,6.668656,7.7440724
2021-05-02 03:00:00,60.3069,4.5495834,20.698709113555562,94.17050338446111,3,5,0,7.827487,7.5163693
2021-05-02 03:15:00,54.5369,2.7641063,7.64028363769969,21.118556136752627,3,5,0,4.5495834,7.3634634
2021-05-02 03:30:00,49.2125,2.7845588,7.75376771065744,21.59082211186703,3,5,0,2.7641063,6.979953
2021-05-02 03:45:00,44.387,3.6990645,13.683078175160249,50.61458872846006,3,5,0,2.7845588,6.546859
2021-05-02 04:00:00,40.0369,4.973312,24.733832249344,123.0090647316495,4,5,0,3.6990645,5.77778
2021-05-02 04:15:00,36.1836,5.9078183,34.902317065814884,206.19654747382347,4,5,0,4.973312,6.000292
2021-05-02 04:30:00,33.0267,5.720809,32.727655614481,187.22866678822345,4,5,0,5.9078183,6.439086
2021-05-02 04:45:00,30.4992,5.2164025,27.21085504200625,141.942772268259,4,5,0,5.720809,7.2686815
2021-05-02 05:00:00,28.5135,4.9207344,24.213627035343357,119.14882750158407,5,5,0,5.2164025,8.1928625
2021-05-02 05:15:00,27.024,5.2661386,27.732215754409957,146.04169184782637,5,5,0,4.9207344,8.630183
2021-05-02 05:30:00,26.0214,6.5902476,43.431363429305755,286.22343860471,5,5,0,5.2661386,9.011123
2021-05-02 05:45:00,25.4967,7.3482094,53.99618138624836,396.77524762653525,5,5,0,6.5902476,9.540523
2021-05-02 06:00:00,25.4122,7.292114,53.174926588995994,387.75762662858995,6,5,1,7.3482094,8.837965
2021-05-02 06:15:00,25.7883,8.375984,70.15710796825601,587.634813828385,6,5,1,7.292114,9.272046
2021-05-02 06:30:00,26.3434,9.245472,85.47875250278399,790.2914128594192,6,5,1,8.375984,9.564997
2021-05-02 06:45:00,27.1006,8.767887,76.875842444769,674.0386995855383,6,5,1,9.245472,9.693369
2021-05-02 07:00:00,28.1013,6.993806,48.913322365636006,342.0902874407193,7,5,1,8.767887,9.737123
2021-05-02 07:15:00,29.3953,8.480489,71.918693679121,609.9056906401553,7,5,1,6.993806,9.795563
2021-05-02 07:30:00,30.5276,9.104903,82.899258639409,754.789708683731,7,5,1,8.480489,9.872168
2021-05-02 07:45:00,31.4926,8.962029,80.31796379684098,719.811920768239,7,5,1,9.104903,9.871982
2021-05-02 08:00:00,32.3041,9.052364,81.94529398849602,741.7986292708778,8,5,1,8.962029,9.879084
2021-05-02 08:15:00,32.9509,9.46895,89.66101410249999,848.9956594858672,8,5,1,9.052364,9.7175045
2021-05-02 08:30:00,33.4238,9.631583,92.76739108588899,893.4968269371998,8,5,1,9.46895,6.668656
2021-05-02 08:45:00,33.7474,8.650342,74.828416716964,647.2913959202558,8,5,1,9.631583,7.827487
2021-05-02 09:00:00,33.9179,7.449778,55.499192249284,413.4566614364865,9,5,1,8.650342,4.5495834
2021-05-02 09:15:00,33.949,7.86796,61.9047945616,487.06444741888635,9,5,1,7.449778,2.7641063
2021-05-02 09:30:00,33.6084,8.093369,65.50262177016099,530.136888453346,9,5,1,7.86796,2.7845588
2021-05-02 09:45:00,32.9509,7.9213705,62.74811059827025,497.0510322238753,9,5,1,8.093369,3.6990645
2021-05-02 10:00:00,32.0514,7.6494246,58.51369671108515,447.59611105871386,10,5,1,7.9213705,4.973312
2021-05-02 10:15:00,30.9565,7.2477193,52.529435051592486,380.7186002415234,10,5,1,7.6494246,5.9078183
2021-05-02 10:30:00,29.9498,7.170221,51.412069188840995,368.6358981512807,10,5,1,7.2477193,5.720809
2021-05-02 10:45:00,29.0533,7.5108595,56.41301042874024,423.71019530230274,10,5,1,7.170221,5.2164025
2021-05-02 11:00:00,28.3001,7.835707,61.398304189849,481.0991219285292,11,5,1,7.5108595,4.9207344
2021-05-02 11:15:00,27.6815,7.863719,61.838076510960995,486.27725718269767,11,5,1,7.835707,5.2661386
2021-05-02 11:30:00,27.2031,7.5712624,57.324014329653764,434.01515431116877,11,5,1,7.863719,6.5902476
2021-05-02 11:45:00,26.846,7.436816,55.30623221785601,411.30227265746703,11,5,1,7.5712624,7.3482094
2021-05-02 12:00:00,26.6062,7.2902503,53.147749436650095,387.4603962748632,12,5,1,7.436816,7.292114
2021-05-02 12:15:00,26.4432,6.914155,47.805539364025,330.5349090214703,12,5,1,7.2902503,8.375984
2021-05-02 12:30:00,26.1943,6.6386266,44.07136313422756,292.5733236011425,12,5,1,6.914155,9.245472
2021-05-02 12:45:00,25.8128,5.795519,33.588040479361,194.66012677090575,12,5,1,6.6386266,8.767887
2021-05-02 13:00:00,25.304,5.6532097,31.958779912174087,180.66968459966768,13,5,1,5.795519,6.993806
2021-05-02 13:15:00,24.6754,5.7591805,33.16816003158025,191.02142047475638,13,5,1,5.6532097,8.480489
2021-05-02 13:30:00,24.0845,5.485317,30.088702590489003,165.04607182755336,13,5,1,5.7591805,9.104903
2021-05-02 13:45:00,23.4846,4.887688,23.889493985343996,116.76439307823803,13,5,1,5.485317,8.962029
2021-05-02 14:00:00,22.8664,4.75834,22.641799555599995,107.73738049739367,14,5,1,4.887688,9.052364
2021-05-02 14:15:00,22.1897,4.974146,24.742128429316,123.07095915816848,14,5,1,4.75834,9.46895
2021-05-02 14:30:00,21.4402,4.899875,24.008775015624998,117.63999647968554,14,5,1,4.974146,9.631583
2021-05-02 14:45:00,20.6172,4.4087157,19.436774123426492,85.69121123530411,14,5,1,4.899875,8.650342
2021-05-02 15:00:00,19.7029,4.4937086,20.19341698171396,90.74333155411405,15,5,1,4.4087157,7.449778
2021-05-02 15:15:00,18.731,4.473906,20.015834896836004,89.54896383996399,15,5,1,4.4937086,7.86796
2021-05-02 15:30:00,17.7487,3.8976884,15.19197486349456,59.21358419853432,15,5,1,4.473906,8.093369
2021-05-02 15:45:00,16.7952,3.2278266,10.418864559667561,33.630288167492246,15,5,1,3.8976884,7.9213705
2021-05-02 16:00:00,15.8719,2.8043196,7.86420841894416,22.053753807730118,16,5,1,3.2278266,7.6494246
2021-05-02 16:15:00,14.9797,2.7461932,7.54157709172624,20.710627726574376,16,5,1,2.8043196,7.2477193
2021-05-02 16:30:00,14.2126,2.7330632,7.469634455194241,20.41498304694343,16,5,1,2.7461932,7.170221
2021-05-02 16:45:00,13.5687,2.6685731,7.121282390043611,19.003662623574087,16,5,1,2.7330632,7.5108595
2021-05-02 17:00:00,13.0585,2.5423205,6.463393524720251,16.432017857463553,17,5,1,2.6685731,7.835707
2021-05-02 17:15:00,12.6809,2.3121283,5.34593727566089,12.360492865080444,17,5,1,2.5423205,7.863719
2021-05-02 17:30:00,12.4488,2.1574981,4.654798051503611,10.042717952002743,17,5,1,2.3121283,7.5712624
2021-05-02 17:45:00,12.3782,2.1201124,4.49487658863376,9.529643592032134,17,5,1,2.1574981,7.436816
2021-05-02 18:00:00,12.4783,2.0795298,4.32444418908804,8.992810559645413,18,5,0,2.1201124,7.2902503
2021-05-02 18:15:00,12.7592,1.8884053,3.56607457706809,6.73419413153064,18,5,0,2.0795298,6.914155
2021-05-02 18:30:00,13.1827,1.731423,2.997825604929,5.190504202362983,18,5,0,1.8884053,6.6386266
2021-05-02 18:45:00,13.7757,2.0171154,4.068754536917159,8.20714743523547,18,5,0,1.731423,5.795519
2021-05-02 19:00:00,14.5531,3.0885317,9.539028061904888,29.461590556382813,19,5,0,2.0171154,5.6532097
2021-05-02 19:15:00,15.5513,3.9096413,15.28529509466569,59.7600209847924,19,5,0,3.0885317,5.7591805
2021-05-02 19:30:00,16.8192,4.3201756,18.663917214835358,80.63139975195166,19,5,0,3.9096413,5.485317
2021-05-02 19:45:00,18.4034,7.276467,52.946972002089005,385.26689452312456,19,5,0,4.3201756,4.887688
2021-05-02 20:00:00,20.3725,6.9463387,48.25162133511769,335.1721046178737,20,5,0,7.276467,4.75834
2021-05-02 20:15:00,22.7793,7.168202,51.383119912804,368.32458292520147,20,5,0,6.9463387,4.974146
2021-05-02 20:30:00,25.4846,6.860217,47.06257728708899,322.8594927687018,20,5,0,7.168202,4.899875
2021-05-02 20:45:00,28.4333,6.8371086,46.74605400819396,319.6078478754873,20,5,0,6.860217,4.4087157
2021-05-02 21:00:00,31.5656,6.812035,46.403820841225,316.10445170415414,21,5,0,6.8371086,4.4937086
2021-05-02 21:15:00,34.8448,7.033911,49.475903955921,348.0091050704962,21,5,0,6.812035,4.473906
2021-05-02 21:30:00,38.1062,7.166314,51.356056346596,368.03362558139975,21,5,0,7.033911,3.8976884
2021-05-02 21:45:00,41.2561,7.2177644,52.09612293390736,376.0175414903801,21,5,0,7.166314,3.2278266
2021-05-02 22:00:00,44.1768,7.1592255,51.254509759850244,366.94259326271873,22,5,0,7.2177644,2.8043196
2021-05-02 22:15:00,46.7263,7.233539,52.324086464521,378.4883200804848,22,5,0,7.1592255,2.7461932
2021-05-02 22:30:00,49.4186,7.176047,51.49565054620899,369.53520861517137,22,5,0,7.233539,2.7330632
2021-05-02 22:45:00,52.2355,6.9689875,48.566786775156245,338.4613299512292,22,5,0,7.176047,2.6685731
2021-05-02 23:00:00,55.0225,7.092819,50.30808136676101,356.82611537170845,23,5,0,6.9689875,2.5423205
2021-05-02 23:15:00,57.6733,7.3731146,54.36281890473316,400.8232937636441,23,5,0,7.092819,2.3121283
2021-05-02 23:30:00,59.8398,7.748117,60.033317045688996,465.14516436809265,23,5,0,7.3731146,2.1574981
2021-05-02 23:45:00,61.4129,8.387377,70.348092940129,590.0359767199005,23,5,0,7.748117,2.1201124
2021-05-03 00:00:00,44.7324,6.9335923,48.07470218261929,333.33038487820227,0,5,0,8.387377,2.0795298
2021-05-03 00:15:00,44.4636,8.212544,67.445878951936,553.9022485114482,0,5,0,6.9335923,1.8884053
2021-05-03 00:30:00,44.5403,9.882724,97.66823366017599,965.2281968310291,0,5,0,8.212544,1.731423
2021-05-03 00:45:00,44.9445,10.727266,115.07423583475601,1234.4319375461598,0,5,0,9.882724,2.0171154
2021-05-03 01:00:00,45.6435,10.908511,118.99561223712102,1298.0649450403694,1,5,0,10.727266,3.0885317
2021-05-03 01:15:00,46.6073,11.158713,124.51687581636901,1389.4480808915025,1,5,0,10.908511,3.9096413
2021-05-03 01:30:00,47.8069,12.051492,145.238459426064,1750.3401318655347,1,5,0,11.158713,4.3201756
2021-05-03 01:45:00,49.2949,11.848192,140.37965366886397,1663.2450895622048,1,5,0,12.051492,7.276467
2021-05-03 02:00:00,51.0667,11.4651375,131.44937789390627,1507.0851918430958,2,5,0,11.848192,6.9463387
2021-05-03 02:15:00,53.118,10.6878195,114.22948566458025,1220.8641243608713,2,5,0,11.4651375,7.168202
2021-05-03 02:30:00,55.3107,11.218416,125.85285754905598,1411.8697107740504,2,5,0,10.6878195,6.860217
2021-05-03 02:45:00,57.6278,11.047062,122.037578831844,1348.1566996852684,2,5,0,11.218416,6.8371086
2021-05-03 03:00:00,60.003,10.403122,108.224947346884,1125.8773306932105,3,5,0,11.047062,6.812035
2021-05-03 03:15:00,62.268,10.301935,106.129864744225,1093.3429681537978,3,5,0,10.403122,7.033911
2021-05-03 03:30:00,64.4595,10.374843,107.63736727464901,1116.7207864078214,3,5,0,10.301935,7.166314
2021-05-03 03:45:00,66.3714,10.962809,120.183181170481,1317.5452601843797,3,5,0,10.374843,7.2177644
2021-05-03 04:00:00,67.8876,10.902798,118.87100422880401,1296.026547163796,4,5,0,10.962809,7.1592255
2021-05-03 04:15:00,68.9673,10.566503,111.65098564900902,1179.7604748132107,4,5,0,10.902798,7.233539
2021-05-03 04:30:00,69.7258,10.291349,105.911864239801,1089.975958132412,4,5,0,10.566503,7.176047
2021-05-03 04:45:00,70.132,9.758433,95.227014615489,929.2664419152702,4,5,0,10.291349,6.9689875
2021-05-03 05:00:00,70.1574,8.956546,80.219716250116,718.4915787011113,5,5,0,9.758433,7.092819
2021-05-03 05:15:00,69.7511,7.909772,62.564493091984005,494.8708756531685,5,5,0,8.956546,7.3731146
2021-05-03 05:30:00,69.0429,7.5382752,56.82559299093504,428.36695836885946,5,5,0,7.909772,7.748117
2021-05-03 05:45:00,67.9877,7.4158607,54.99498992180448,407.8351844580059,5,5,0,7.5382752,8.387377
2021-05-03 06:00:00,66.594,7.9534454,63.25729373078116,503.11343183953016,6,5,1,7.4158607,6.9335923
2021-05-03 06:15:00,64.898,8.346737,69.66801854716898,581.5006281243416,6,5,1,7.9534454,8.212544
2021-05-03 06:30:00,63.1299,8.668142,75.136685732164,651.2954613357714,6,5,1,8.346737,9.882724
2021-05-03 06:45:00,61.342,8.507819,72.382984136761,615.8213277154338,6,5,1,8.668142,10.727266
2021-05-03 07:00:00,59.5373,7.6510596,58.53871300275216,447.8831820913517,7,5,1,8.507819,10.908511
2021-05-03 07:15:00,57.7645,6.3094316,39.80892711507856,251.1717027019735,7,5,1,7.6510596,11.158713
2021-05-03 07:30:00,55.9571,5.2618456,27.68701911823936,145.68481972442365,7,5,1,6.3094316,12.051492
2021-05-03 07:45:00,54.1416,4.6152515,21.300546408252252,98.30737876150583,7,5,1,5.2618456,11.848192
2021-05-03 08:00:00,52.3426,4.103966,16.842536929155997,69.12119891100062,8,5,1,4.6152515,11.4651375
2021-05-03 08:15:00,50.667,3.2704387,10.69576929045769,34.97985781378438,8,5,1,4.103966,10.6878195
2021-05-03 08:30:00,48.9866,2.866482,8.216719056324,23.55307727400973,8,5,1,3.2704387,11.218416
2021-05-03 08:45:00,47.3445,2.751826,7.572546334276,20.838329888865385,8,5,1,2.866482,11.047062
2021-05-03 09:00:00,45.7803,2.5292122,6.39691435262884,16.179153823023963,9,5,1,2.751826,10.403122
2021-05-03 09:15:00,44.3487,2.1633208,4.679956883712641,10.124248069638737,9,5,1,2.5292122,10.301935
2021-05-03 09:30:00,43.1931,1.9766661,3.9072088708892103,7.72324732070598,9,5,1,2.1633208,10.374843
2021-05-03 09:45:00,42.281,1.9265177,3.71147044841329,7.15021351189514,9,5,1,1.9766661,10.962809
2021-05-03 10:00:00,41.62,1.9010794,3.61410288510436,6.870696544352465,10,5,1,1.9265177,10.902798
2021-05-03 10:15:00,41.1655,1.9272622,3.7143395875488396,7.158506285046469,10,5,1,1.9010794,10.566503
2021-05-03 10:30:00,40.8947,1.9265684,3.7116657998785603,7.150778041406758,10,5,1,1.9272622,10.291349
2021-05-03 10:45:00,40.7867,2.0769107,4.31355805577449,8.958874881109235,10,5,1,1.9265684,9.758433
2021-05-03 11:00:00,40.8766,2.397529,5.748145305841,13.781345066967667,11,5,1,2.0769107,8.956546
2021-05-03 11:15:00,41.1837,2.5980072,6.74964141125184,17.535616983850442,11,5,1,2.397529,7.909772
2021-05-03 11:30:00,41.7113,2.7046216,7.314977999186559,19.78424750012475,11,5,1,2.5980072,7.5382752
2021-05-03 11:45:00,42.4475,2.876633,8.275017416689,23.80418817642233,11,5,1,2.7046216,7.4158607
2021-05-03 12:00:00,43.3811,3.0775898,9.47155897706404,29.149573297910727,12,5,1,2.876633,7.9534454
2021-05-03 12:15:00,44.5211,3.307907,10.942248720649001,36.19594113877588,12,5,1,3.0775898,8.346737
2021-05-03 12:30:00,45.8978,3.4389026,11.826051092286761,40.66863784899778,12,5,1,3.307907,8.668142
2021-05-03 12:45:00,47.5251,3.5816913,12.828512568495691,45.94777185852167,12,5,1,3.4389026,8.507819
2021-05-03 13:00:00,49.4186,3.7054937,13.730683560739688,50.87896143101448,13,5,1,3.5816913,7.6510596
2021-05-03 13:15:00,51.5746,3.932881,15.467552960161001,60.832045153510954,13,5,1,3.7054937,6.3094316
2021-05-03 13:30:00,53.6609,4.275721,18.281790069840998,78.16783371921062,13,5,1,3.932881,5.2618456
2021-05-03 13:45:00,55.6445,4.53666,20.581283955600004,93.37028767001232,13,5,1,4.275721,4.6152515
2021-05-03 14:00:00,57.5139,4.618947,21.334671388809003,98.54371640732519,14,5,1,4.53666,4.103966
2021-05-03 14:15:00,59.3053,4.7396445,22.46422998638025,106.47246410168222,14,5,1,4.618947,3.2704387
2021-05-03 14:30:00,60.9408,5.1599336,26.624914756408955,137.38279224873037,14,5,1,4.7396445,2.866482
2021-05-03 14:45:00,62.4351,5.3526382,28.650735700099244,153.35702236645497,14,5,1,5.1599336,2.751826
2021-05-03 15:00:00,63.7565,5.1802783,26.835283265450894,139.0142355743684,15,5,1,5.3526382,2.5292122
2021-05-03 15:15:00,64.898,4.789314,22.937528590596,109.85502680434169,15,5,1,5.1802783,2.1633208
2021-05-03 15:30:00,65.9767,4.735872,22.428483600383995,106.21842748551775,15,5,1,4.789314,1.9766661
2021-05-03 15:45:00,67.0154,5.3027687,28.119355885699687,149.11044025484907,15,5,1,4.735872,1.9265177
2021-05-03 16:00:00,68.0127,5.92562,35.1129723844,208.06613142044836,16,5,1,5.3027687,1.9010794
2021-05-03 16:15:00,68.9673,6.067384,36.81314860345599,223.35950882623123,16,5,1,5.92562,1.9272622
2021-05-03 16:30:00,69.599,5.9522886,35.429739577689965,210.8880349892528,16,5,1,6.067384,1.9265684
2021-05-03 16:45:00,69.8779,5.621976,31.606614144576,177.6916261620668,16,5,1,5.9522886,2.0769107
2021-05-03 17:00:00,69.8018,5.193181,26.969128898761,140.05556778359656,17,5,1,5.621976,2.397529
2021-05-03 17:15:00,69.2702,4.7809324,22.857314613369763,109.27927601205297,17,5,1,5.193181,2.5980072
2021-05-03 17:30:00,68.3887,4.5488195,20.691758843580246,94.12307611697527,17,5,1,4.7809324,2.7046216
2021-05-03 17:45:00,67.0651,4.5179677,20.412032138243287,92.2209018919451,17,5,1,4.5488195,2.876633
2021-05-03 18:00:00,65.3136,4.621504,21.358299222015997,98.70746528774382,18,5,0,4.5179677,3.0775898
2021-05-03 18:15:00,63.1058,4.6775575,21.879544165806248,102.34282590934825,18,5,0,4.621504,3.307907
2021-05-03 18:30:00,60.9173,4.594443,21.108906480249,96.98366761583466,18,5,0,4.6775575,3.4389026
2021-05-03 18:45:00,58.7736,4.4242644,19.574115481107363,86.60106228455217,18,5,0,4.594443,3.5816913
2021-05-03 19:00:00,56.6984,4.5185113,20.416944368227693,92.25419383930819,19,5,0,4.4242644,3.7054937
2021-05-03 19:15:00,54.7352,4.907922,24.087698358084,118.22054470100434,19,5,0,4.5185113,3.932881
2021-05-03 19:30:00,52.8156,5.067101,25.675512544201002,130.10041528823345,19,5,0,4.907922,4.275721
2021-05-03 19:45:00,50.9824,5.591738,31.267533860644004,174.8398572548498,19,5,0,5.067101,4.53666
2021-05-03 20:00:00,49.3155,5.7109547,32.615003585452094,186.26280801685448,20,5,0,5.591738,4.618947
2021-05-03 20:15:00,47.9482,6.1778064,38.16529191588096,235.77778465579763,20,5,0,5.7109547,4.7396445
2021-05-03 20:30:00,47.1445,6.7184944,45.13816700283136,303.2605222347873,20,5,0,6.1778064,5.1599336
2021-05-03 20:45:00,47.0248,7.3340163,53.78779508866569,394.4805659213341,20,5,0,6.7184944,5.3526382
2021-05-03 21:00:00,47.686,8.253383,68.11833094468899,562.20667460727,21,5,0,7.3340163,5.1802783
2021-05-03 21:15:00,49.192,8.430593,71.074898331649,599.2035403505117,21,5,0,8.253383,4.789314
2021-05-03 21:30:00,51.1511,8.407658,70.68871304496399,594.3265237421958,21,5,0,8.430593,4.735872
2021-05-03 21:45:00,53.7045,8.42953,71.0569760209,598.9769110774571,21,5,0,8.407658,5.3027687
2021-05-03 22:00:00,56.9016,8.526007,72.692795364049,619.7792821234493,22,5,0,8.42953,5.92562
2021-05-03 22:15:00,60.8467,8.654527,74.900837593729,648.2313212775426,22,5,0,8.526007,6.067384
2021-05-03 22:30:00,65.0445,8.717311,75.991511070721,662.4416353634181,22,5,0,8.654527,5.9522886
2021-05-03 22:45:00,69.5484,8.786748,77.206940415504,678.3979292820488,22,5,0,8.717311,5.621976
2021-05-03 23:00:00,74.259,8.872984,78.72984506425601,698.5686555776226,23,5,0,8.786748,5.193181
2021-05-03 23:15:00,79.1419,9.227487,85.146516335169,785.6883725780596,23,5,0,8.872984,4.7809324
2021-05-03 23:30:00,84.268,9.53784,90.97039186559998,867.6610423513941,23,5,0,9.227487,4.5488195
2021-05-03 23:45:00,89.4879,9.288378,86.273965870884,801.3452065678697,23,5,0,9.53784,4.5179677
2021-05-04 00:00:00,108.9771,9.275988,86.043953376144,798.1426789896713,0,5,0,9.288378,4.621504
2021-05-04 00:15:00,111.1962,9.675846,93.621995815716,905.8720137255124,0,5,0,9.275988,4.6775575
2021-05-04 00:30:00,112.7568,10.0184555,100.36945060548025,1005.5468744504519,0,5,0,9.675846,4.594443
2021-05-04 00:45:00,113.7119,10.199945,104.03887800302499,1061.1908334925647,0,5,0,10.0184555,4.4242644
2021-05-04 01:00:00,114.1173,10.460016,109.41193472025599,1144.4505877648332,1,5,0,10.199945,4.5185113
2021-05-04 01:15:00,114.0304,10.646236,113.342340967696,1206.66931073456,1,5,0,10.460016,4.907922
2021-05-04 01:30:00,113.7987,10.756384,115.699796755456,1244.5114426236391,1,5,0,10.646236,5.067101
2021-05-04 01:45:00,113.4223,10.858882,117.91531828992399,1280.4285273027263,1,5,0,10.756384,5.591738
2021-05-04 02:00:00,112.9304,10.967733,120.29116715928902,1319.3214036614506,2,5,0,10.858882,5.7109547
2021-05-04 02:15:00,112.323,11.117712,123.60352011494398,1374.188338824154,2,5,0,10.967733,6.1778064
2021-05-04 02:30:00,111.4561,11.575989,134.003521328121,1551.223288855594,2,5,0,11.117712,6.7184944
2021-05-04 02:45:00,110.4172,11.786708,138.926485477264,1637.4859177867518,2,5,0,11.575989,7.3340163
2021-05-04 03:00:00,109.1497,11.390667,129.74729470488901,1477.9082281342542,3,5,0,11.786708,8.253383
2021-05-04 03:15:00,107.7128,11.510901,132.500841831801,1525.20407274252,3,5,0,11.390667,8.430593
2021-05-04 03:30:00,106.223,11.515882,132.615538237924,1527.1848897144205,3,5,0,11.510901,8.407658
2021-05-04 03:45:00,104.6812,11.512344,132.53406437433603,1525.7777407955011,3,5,0,11.515882,8.42953
2021-05-04 04:00:00,103.0887,11.50314,132.32222985960001,1522.121135187159,4,5,0,11.512344,8.526007
2021-05-04 04:15:00,101.475,11.596987,134.49010747816902,1559.6800280529287,4,5,0,11.50314,8.654527
2021-05-04 04:30:00,99.8694,11.815368,139.60292097542398,1649.4598851995534,4,5,0,11.596987,8.717311
2021-05-04 04:45:00,98.2725,11.894156,141.47094695233602,1682.6775125188092,4,5,0,11.815368,8.786748
2021-05-04 05:00:00,96.6847,11.793672,139.09069924358403,1640.3900851294782,5,5,0,11.894156,8.872984
2021-05-04 05:15:00,95.1342,11.59904,134.5377289216,1560.5084992707955,5,5,0,11.793672,9.227487
2021-05-04 05:30:00,93.5115,11.782002,138.815571128004,1635.5253366612856,5,5,0,11.59904,9.53784
2021-05-04 05:45:00,91.7915,12.043382,145.043049997924,1746.8088575700976,5,5,0,11.782002,9.288378
2021-05-04 06:00:00,90.0045,11.969829,143.27680628924102,1714.9988709483396,6,5,1,12.043382,9.275988
2021-05-04 06:15:00,88.1532,11.96316,143.11719718560002,1712.1339286828827,6,5,1,11.969829,9.675846
2021-05-04 06:30:00,86.3465,12.008523,144.204624641529,1731.6845517141678,6,5,1,11.96316,10.0184555
2021-05-04 06:45:00,84.6104,11.834991,140.067011970081,1657.691826062801,6,5,1,12.008523,10.199945
2021-05-04 07:00:00,82.9439,11.39324,129.80591769760002,1478.9099737490044,7,5,1,11.834991,10.460016
2021-05-04 07:15:00,81.3716,11.024363,121.53657955576898,1339.863370801176,7,5,1,11.39324,10.646236
2021-05-04 07:30:00,79.8661,10.62783,112.95077050889999,1200.4215873376024,7,5,1,11.024363,10.756384
2021-05-04 07:45:00,78.4765,10.290067,105.88547886448902,1089.568671842676,7,5,1,10.62783,10.858882
2021-05-04 08:00:00,77.225,10.002661,100.05322708092099,1000.7985124464723,8,5,1,10.290067,10.967733
2021-05-04 08:15:00,76.0837,9.8871765,97.75625914215226,966.5333881181981,8,5,1,10.002661,11.117712
2021-05-04 08:30:00,75.0258,9.899803,98.006099438809,970.2410772426198,8,5,1,9.8871765,11.575989
2021-05-04 08:45:00,74.0494,10.619669,112.777369669561,1197.6583365813772,8,5,1,9.899803,11.786708
2021-05-04 09:00:00,73.1771,11.371562,129.31242231984402,1470.4842277802902,9,5,1,10.619669,11.390667
2021-05-04 09:15:00,72.359,11.909916,141.84609912705602,1689.3751255309107,9,5,1,11.371562,11.510901
2021-05-04 09:30:00,71.5703,11.951723,142.84368266872897,1707.2281275565495,9,5,1,11.909916,11.515882
2021-05-04 09:45:00,70.8105,12.037338,144.897506126244,1744.1802565986698,9,5,1,11.951723,11.512344
2021-05-04 10:00:00,69.9852,11.884867,141.250063607689,1678.7382197189238,10,5,1,12.037338,11.50314
2021-05-04 10:15:00,69.1426,11.626997,135.187059238009,1571.8195321991527,10,5,1,11.884867,11.596987
2021-05-04 10:30:00,68.0523,11.385789,129.636191152521,1476.0103192262713,10,5,1,11.626997,11.815368
2021-05-04 10:45:00,66.7219,11.1916485,125.25299614755224,1401.7875064552586,10,5,1,11.385789,11.894156
2021-05-04 11:00:00,65.0938,11.021159,121.46594570328102,1338.695500681227,11,5,1,11.1916485,11.793672
2021-05-04 11:15:00,63.1398,10.844075,117.59396260562501,1275.197750042593,11,5,1,11.021159,11.59904
2021-05-04 11:30:00,60.8387,10.6322,113.04367683999999,1201.9029808982477,11,5,1,10.844075,11.782002
2021-05-04 11:45:00,58.2204,10.431503,108.81625483900899,1135.1170888018867,11,5,1,10.6322,12.043382
2021-05-04 12:00:00,55.2999,10.191813,103.873052226969,1058.6547240365016,12,5,1,10.431503,11.969829
2021-05-04 12:15:00,52.0813,9.90486,98.10625161959999,971.728687416911,12,5,1,10.191813,11.96316
2021-05-04 12:30:00,48.9103,9.547357,91.152025685449,870.2609304921513,12,5,1,9.90486,12.008523
2021-05-04 12:45:00,45.7812,9.084201,82.52270780840101,749.6528647957842,12,5,1,9.547357,11.834991
2021-05-04 13:00:00,42.7409,8.652636,74.86810974849598,647.8065016617873,13,5,1,9.084201,11.39324
2021-05-04 13:15:00,39.7653,8.269249,68.380479024001,565.4552077887413,13,5,1,8.652636,11.024363
2021-05-04 13:30:00,36.8665,7.8478985,61.589510866302255,483.3482299433872,13,5,1,8.269249,10.62783
2021-05-04 13:45:00,34.0548,7.4231753,55.103531534530084,409.0431742298948,13,5,1,7.8478985,10.290067
2021-05-04 14:00:00,31.3394,7.028215,49.39580608622501,347.1643452722979,14,5,1,7.4231753,10.002661
2021-05-04 14:15:00,28.74,6.735074,45.361221785476,305.51118545559297,14,5,1,7.028215,9.8871765
2021-05-04 14:30:00,26.271,6.534146,42.695063949315994,278.9757813241673,14,5,1,6.735074,9.899803
2021-05-04 14:45:00,23.9109,6.4188466,41.20159167433156,264.46669663337144,14,5,1,6.534146,10.619669
2021-05-04 15:00:00,21.7008,6.1886797,38.29975642919209,237.02492512828556,15,5,1,6.4188466,11.371562
2021-05-04 15:15:00,19.624,5.7996583,33.63603639675889,195.0775176675648,15,5,1,6.1886797,11.909916
2021-05-04 15:30:00,17.8157,5.5571394,30.881798311032355,171.61445813709133,15,5,1,5.7996583,11.951723
2021-05-04 15:45:00,16.2398,5.3871665,29.02156289872225,156.34399142563942,15,5,1,5.5571394,12.037338
2021-05-04 16:00:00,14.9028,5.246635,27.527178823225004,144.42505986519112,16,5,1,5.3871665,11.884867
2021-05-04 16:15:00,13.7808,5.088086,25.888619143395996,131.72352062284514,16,5,1,5.246635,11.626997
2021-05-04 16:30:00,12.781,4.9118023,24.125801834285287,118.50116893898668,16,5,1,5.088086,11.385789
2021-05-04 16:45:00,11.9037,4.798181,23.022540908760995,110.46631836013974,16,5,1,4.9118023,11.1916485
2021-05-04 17:00:00,11.1428,4.7849407,22.89565750251649,109.5543634370515,17,5,1,4.798181,11.021159
2021-05-04 17:15:00,10.4756,4.7761927,22.812016707533292,108.95458767079855,17,5,1,4.7849407,10.844075
2021-05-04 17:30:00,9.9465,4.7643538,22.69906713157444,108.1463867447718,17,5,1,4.7761927,10.6322
2021-05-04 17:45:00,9.5336,4.774503,22.795878897009,108.83899218140617,17,5,1,4.7643538,10.431503
2021-05-04 18:00:00,9.2243,4.811666,23.152129695556,111.40031528369714,18,5,0,4.774503,10.191813
2021-05-04 18:15:00,9.0026,4.8688245,23.705452011800247,115.41768553862732,18,5,0,4.811666,9.90486
2021-05-04 18:30:00,8.8599,4.953698,24.539123875204,121.55940886235031,18,5,0,4.8688245,9.547357
2021-05-04 18:45:00,8.7944,5.090843,25.916682450648995,131.93776143710926,18,5,0,4.953698,9.084201
2021-05-04 19:00:00,8.789,5.251361,27.576792352321,144.81569186407677,19,5,0,5.090843,8.652636
2021-05-04 19:15:00,8.8326,5.4075594,29.241698664528364,158.1262224853378,19,5,0,5.251361,8.269249
2021-05-04 19:30:00,8.8818,5.606201,31.429489652401006,176.20003631878018,19,5,0,5.4075594,7.8478985
2021-05-04 19:45:00,8.9256,5.848534,34.205349949156,200.05115215953714,19,5,0,5.606201,7.4231753
2021-05-04 20:00:00,8.9586,5.9798384,35.75846729011456,213.82985582657102,20,5,0,5.848534,7.028215
2021-05-04 20:15:00,8.9641,6.193949,38.365004214601,237.63087949002363,20,5,0,5.9798384,6.735074
2021-05-04 20:30:00,8.9421,6.376724,40.662608972176,259.2942345354901,20,5,0,6.193949,6.534146
2021-05-04 20:45:00,8.8927,6.5116115,42.40108432693225,276.0993883157218,20,5,0,6.376724,6.4188466
2021-05-04 21:00:00,8.8108,6.591551,43.448544585601,286.39329751176285,21,5,0,6.5116115,6.1886797
2021-05-04 21:15:00,8.7075,6.6732554,44.53233763362917,297.17566258823905,21,5,0,6.591551,5.7996583
2021-05-04 21:30:00,8.6588,6.647524,44.189575330576,293.75126255981183,21,5,0,6.6732554,5.5571394
2021-05-04 21:45:00,8.6913,6.407038,41.050135933444,263.0097808307412,21,5,0,6.647524,5.3871665
2021-05-04 22:00:00,8.8162,5.908165,34.906413667225,206.23285150422043,22,5,0,6.407038,5.246635
2021-05-04 22:15:00,9.0633,5.2870793,27.953207524488494,147.79082487132737,22,5,0,5.908165,5.088086
2021-05-04 22:30:00,9.4826,4.774826,22.798963330276,108.86108288244843,22,5,0,5.2870793,4.9118023
2021-05-04 22:45:00,10.1037,4.509806,20.338350157636,91.72201357100779,22,5,0,4.774826,4.798181
2021-05-04 23:00:00,10.9647,4.341272,18.846642577984,81.81840171780976,23,5,0,4.509806,4.7849407
2021-05-04 23:15:00,12.1228,4.3324723,18.77031623026729,81.32187512987346,23,5,0,4.341272,4.7761927
2021-05-04 23:30:00,13.6272,4.31245,18.5972250025,80.19960296203114,23,5,0,4.3324723,4.7643538
2021-05-04 23:45:00,15.5388,3.6609554,13.402594440789162,49.066300492017064,23,5,0,4.31245,4.774503
2021-05-05 00:00:00,16.0218,3.984725,15.878033325625001,63.269596343451084,0,5,0,3.6609554,4.811666
2021-05-05 00:15:00,17.5252,3.376879,11.403311780641001,38.507604082499206,0,5,0,3.984725,4.8688245
2021-05-05 00:30:00,19.3742,4.2189016,17.799130710482558,75.092781033064,0,5,0,3.376879,4.953698
2021-05-05 00:45:00,21.6139,5.23598,27.415486560399994,143.54693932052317,0,5,0,4.2189016,5.090843
2021-05-05 01:00:00,24.2886,7.3741846,54.37859851487717,400.9978237379901,1,5,0,5.23598,5.251361
2021-05-05 01:15:00,27.4717,8.387305,70.346885163025,590.0207816622653,1,5,0,7.3741846,5.4075594
2021-05-05 01:30:00,31.0302,9.236191,85.307224188481,787.9138162846305,1,5,0,8.387305,5.606201
2021-05-05 01:45:00,34.9629,9.606355,92.28205638602502,886.4941937741734,1,5,0,9.236191,5.848534
2021-05-05 02:00:00,39.283,9.872631,97.468842862161,962.2739195750995,2,5,0,9.606355,5.9798384
2021-05-05 02:15:00,43.9783,10.149682,103.016044701124,1045.5800946141937,2,5,0,9.872631,6.193949
2021-05-05 02:30:00,49.002,10.491635,110.07440497322501,1154.8604798212616,2,5,0,10.149682,6.376724
2021-05-05 02:45:00,54.3236,10.97925,120.54393056250001,1323.4819496283283,2,5,0,10.491635,6.5116115
2021-05-05 03:00:00,59.9005,11.369316,129.261346307856,1469.613092759448,3,5,0,10.97925,6.591551
2021-05-05 03:15:00,65.769,11.57394,133.9560871236,1550.3997150033192,3,5,0,11.369316,6.6732554
2021-05-05 03:30:00,71.5703,11.718792,137.33008593926402,1609.3427124643597,3,5,0,11.57394,6.647524
2021-05-05 03:45:00,77.2749,11.799539,139.22912061252097,1642.8394386031453,3,5,0,11.718792,6.407038
2021-05-05 04:00:00,82.7886,11.880068,141.136015684624,1676.7054635823995,4,5,0,11.799539,5.908165
2021-05-05 04:15:00,88.0197,12.0145235,144.34877493205224,1734.2817486173524,4,5,0,11.880068,5.2870793
2021-05-05 04:30:00,92.527,12.011976,144.28756742457603,1733.178797002389,4,5,0,12.0145235,4.774826
2021-05-05 04:45:00,96.2407,11.929479,142.31246921144103,1697.7136128960321,4,5,0,12.011976,4.509806
2021-05-05 05:00:00,99.1679,11.822629,139.77455647164098,1652.5027248037602,5,5,0,11.929479,4.341272
2021-05-05 05:15:00,101.3056,11.740901,137.84875629180098,1618.4686005951623,5,5,0,11.822629,4.3324723
2021-05-05 05:30:00,102.6916,11.776352,138.682466427904,1633.1735408831798,5,5,0,11.740901,4.31245
2021-05-05 05:45:00,103.4009,11.615639,134.923069378321,1567.2176666705311,5,5,0,11.776352,3.6609554
2021-05-05 06:00:00,103.5146,11.452841,131.167566971281,1502.2412888789327,6,5,1,11.615639,3.984725
2021-05-05 06:15:00,103.0603,11.510607,132.49407350844902,1525.0872099848677,6,5,1,11.452841,3.376879
2021-05-05 06:30:00,102.465,11.473289,131.63636047752098,1510.3020066667762,6,5,1,11.510607,4.2189016
2021-05-05 06:45:00,101.7858,11.432099,130.69288754580097,1494.0940290194637,6,5,1,11.473289,5.23598
2021-05-05 07:00:00,100.9953,11.109044,123.41085859393601,1370.9766581978135,7,5,1,11.432099,7.3741846
2021-05-05 07:15:00,100.0943,10.6444,113.30325135999998,1206.0451287763838,7,5,1,11.109044,8.387305
2021-05-05 07:30:00,99.4203,10.216653,104.37999852240901,1066.4142250439656,7,5,1,10.6444,9.236191
2021-05-05 07:45:00,99.0558,9.84576,96.9389899776,954.438029961855,7,5,1,10.216653,9.606355
2021-05-05 08:00:00,98.9998,9.561678,91.425686175684,874.182972140942,8,5,1,9.84576,9.872631
2021-05-05 08:15:00,99.3081,9.407666,88.50417956755601,832.6177609755915,8,5,1,9.561678,10.149682
2021-05-05 08:30:00,100.0662,9.499739,90.245041068121,857.3043361914307,8,5,1,9.407666,10.491635
2021-05-05 08:45:00,101.2492,9.918609,98.378804494881,975.7808956721672,8,5,1,9.499739,10.97925
2021-05-05 09:00:00,102.9468,10.014552,100.291251760704,1004.3719559026619,9,5,1,9.918609,11.369316
2021-05-05 09:15:00,105.1374,9.875243,97.52042430904899,963.0378875149657,9,5,1,10.014552,11.57394
2021-05-05 09:30:00,108.2871,9.848286,96.988737137796,955.1728221118364,9,5,1,9.875243,11.718792
2021-05-05 09:45:00,112.4097,9.7964945,95.97130448853024,940.1823565797118,9,5,1,9.848286,11.799539
2021-05-05 10:00:00,117.5103,9.977699,99.55447733460099,993.3246089469709,10,5,1,9.7964945,11.880068
2021-05-05 10:15:00,123.5724,10.292162,105.92859863424398,1090.2342975766178,10,5,1,9.977699,12.0145235
2021-05-05 10:30:00,129.9959,10.783352,116.28068035590401,1253.8955070771983,10,5,1,10.292162,12.011976
2021-05-05 10:45:00,136.7004,11.335404,128.491383843216,1456.5017463819263,10,5,1,10.783352,11.929479
2021-05-05 11:00:00,143.5938,11.847231,140.356882367361,1662.840407845953,11,5,1,11.335404,11.822629
2021-05-05 11:15:00,150.5009,12.44017,154.7578296289,1925.213709414553,11,5,1,11.847231,11.740901
2021-05-05 11:30:00,156.9532,13.120473,172.14681174372902,2258.6475955196797,11,5,1,12.44017,11.776352
2021-05-05 11:45:00,162.7192,13.686465,187.319324196225,2563.7393744352867,11,5,1,13.120473,11.615639
2021-05-05 12:00:00,167.4893,14.097557,198.74111336824902,2801.7641739523524,12,5,1,13.686465,11.452841
2021-05-05 12:15:00,172.553,14.449963,208.80143070136901,3017.1729479818464,12,5,1,14.097557,11.510607
2021-05-05 12:30:00,177.3176,14.768652,218.113081897104,3221.2362031858283,12,5,1,14.449963,11.473289
2021-05-05 12:45:00,180.6306,15.003216,225.096490342656,3377.171265452782,12,5,1,14.768652,11.432099
2021-05-05 13:00:00,182.8661,15.13236,228.9883191696,3465.1336814692886,13,5,1,15.003216,11.109044
2021-05-05 13:15:00,184.3276,15.216994,231.556906396036,3523.6000552870414,13,5,1,15.13236,10.6444
2021-05-05 13:30:00,185.2018,15.262826,232.95385750627602,3555.534193147085,13,5,1,15.216994,10.216653
2021-05-05 13:45:00,185.7073,15.201859,231.096517055881,3513.0966676745984,13,5,1,15.262826,9.84576
2021-05-05 14:00:00,185.9872,15.135713,229.089808018369,3467.4375853911324,14,5,1,15.201859,9.561678
2021-05-05 14:15:00,186.1345,15.115629,228.482240065641,3453.652773921165,14,5,1,15.135713,9.407666
2021-05-05 14:30:00,186.2044,15.016962,225.509147709444,3386.462301805107,14,5,1,15.115629,9.499739
2021-05-05 14:45:00,186.2341,14.887902,221.64962596160402,3299.8979096530165,14,5,1,15.016962,9.918609
2021-05-05 15:00:00,186.2435,14.729589,216.96079210892103,3195.74329687885,15,5,1,14.887902,10.014552
2021-05-05 15:15:00,186.239,14.579336,212.557038200896,3098.9404790956983,15,5,1,14.729589,9.875243
2021-05-05 15:30:00,186.2152,14.45131,208.84036071609998,3018.0167932201825,15,5,1,14.579336,9.848286
2021-05-05 15:45:00,186.1529,14.341801,205.68725592360101,2949.9256926923567,15,5,1,14.45131,9.7964945
2021-05-05 16:00:00,186.0171,14.1979475,201.58171321275626,2862.0465811547692,16,5,1,14.341801,9.977699
2021-05-05 16:15:00,185.7457,14.0117235,196.32839544045225,2750.899192110278,16,5,1,14.1979475,10.292162
2021-05-05 16:30:00,185.2973,13.830611,191.28580063332097,2645.599498383016,16,5,1,14.0117235,10.783352
2021-05-05 16:45:00,184.5925,13.69557,187.5686376249,2568.8594063964515,16,5,1,13.830611,11.335404
2021-05-05 17:00:00,183.5227,13.611065,185.261090434225,2521.600743871115,17,5,1,13.69557,11.847231
2021-05-05 17:15:00,181.9407,13.550522,183.61664647248404,2488.1014075916173,17,5,1,13.611065,12.44017
2021-05-05 17:30:00,179.6111,13.4765835,181.61830283247227,2447.594223250099,17,5,1,13.550522,13.120473
2021-05-05 17:45:00,176.2481,13.347909,178.16667467228098,2378.1525603582113,17,5,1,13.4765835,13.686465
2021-05-05 18:00:00,171.4129,13.167545,173.38424132702502,2283.0447999644616,18,5,0,13.347909,14.097557
2021-05-05 18:15:00,166.8206,12.928257,167.139829058049,2160.8266649985258,18,5,0,13.167545,14.449963
2021-05-05 18:30:00,161.8469,12.621302,159.297264175204,2010.5388789290307,18,5,0,12.928257,14.768652
2021-05-05 18:45:00,155.705,12.26741,150.4893481081,1846.114533874787,18,5,0,12.621302,15.003216
2021-05-05 19:00:00,148.5596,11.866894,140.823173207236,1671.1336691939098,19,5,0,12.26741,15.13236
2021-05-05 19:15:00,140.6217,11.433139,130.71666739332102,1494.501827924607,19,5,0,11.866894,15.216994
2021-05-05 19:30:00,132.3339,10.962618,120.17899341392402,1317.476396421365,19,5,0,11.433139,15.262826
2021-05-05 19:45:00,123.9198,10.164674,103.32059752627599,1050.2201913398019,19,5,0,10.962618,15.201859
2021-05-05 20:00:00,115.5665,9.426217,88.85356693108899,837.5530031164687,20,5,0,10.164674,15.135713
2021-05-05 20:15:00,107.3973,8.767445,76.868091828025,673.9367673571587,20,5,0,9.426217,15.115629
2021-05-05 20:30:00,99.5325,8.351308,69.74434531086399,582.4565089493809,20,5,0,8.767445,15.016962
2021-05-05 20:45:00,92.0636,8.007787,64.12465263736901,513.4965597690393,20,5,0,8.351308,14.887902
2021-05-05 21:00:00,84.9772,7.68977,59.132562652900006,454.71580631139085,21,5,0,8.007787,14.729589
2021-05-05 21:15:00,78.376,7.391242,54.630458302564,403.7869378851598,21,5,0,7.68977,14.579336
2021-05-05 21:30:00,72.3111,7.0476108,49.66881798827664,350.04649807741276,21,5,0,7.391242,14.45131
2021-05-05 21:45:00,66.8131,6.7238874,45.210661767878754,303.99139900670167,21,5,0,7.0476108,14.341801
2021-05-05 22:00:00,61.7868,6.4055967,41.03166908305089,262.83232407388283,22,5,0,6.7238874,14.1979475
2021-05-05 22:15:00,57.2282,6.2928233,39.59962508502289,249.19344340629655,22,5,0,6.4055967,14.0117235
2021-05-05 22:30:00,52.8923,6.3212223,39.95785136601729,252.5824611149539,22,5,0,6.2928233,13.830611
2021-05-05 22:45:00,48.8004,6.333286,40.110511557796,254.0313413018276,22,5,0,6.3212223,13.69557
2021-05-05 23:00:00,44.933,6.380222,40.707232769284,259.7211820737067,23,5,0,6.333286,13.611065
2021-05-05 23:15:00,41.2724,6.377987,40.678718172169,259.44833567875764,23,5,0,6.380222,13.550522
2021-05-05 23:30:00,37.8035,6.326852,40.02905622990399,253.25791446628054,23,5,0,6.377987,13.4765835
2021-05-05 23:45:00,34.5135,6.2994366,39.68290147741956,249.97992196105085,23,5,0,6.326852,13.347909
2021-05-06 00:00:00,28.1654,6.683413,44.668009328569,298.5347542306793,0,5,0,6.2994366,13.167545
2021-05-06 00:15:00,25.8247,6.563383,43.077996404689,282.7373892765969,0,5,0,6.683413,12.928257
2021-05-06 00:30:00,23.6513,6.2784934,39.419479373843565,247.49494108011297,0,5,0,6.563383,12.621302
2021-05-06 00:45:00,21.6525,5.925337,35.109618563569,208.03632193060224,0,5,0,6.2784934,12.26741
2021-05-06 01:00:00,19.7949,5.587305,31.217977163024997,174.42435989285536,1,5,0,5.925337,11.866894
2021-05-06 01:15:00,18.0759,5.3381977,28.496354684285294,152.11917503403598,1,5,0,5.587305,11.433139
2021-05-06 01:30:00,16.523,5.460032,29.811949441024,162.77419793037316,1,5,0,5.3381977,10.962618
2021-05-06 01:45:00,15.1252,6.30952,39.8100426304,251.1822601773614,1,5,0,5.460032,10.164674
2021-05-06 02:00:00,13.8863,6.5272613,42.60514007847769,278.0948820153264,2,5,0,6.30952,9.426217
2021-05-06 02:15:00,12.781,6.4373484,41.439454422982564,266.76020562665974,2,5,0,6.5272613,8.767445
2021-05-06 02:30:00,11.8078,6.377353,40.670631286609,259.3709724475498,2,5,0,6.4373484,8.351308
2021-05-06 02:45:00,10.9647,6.0326676,36.39307837208976,219.54734475956664,2,5,0,6.377353,8.007787
2021-05-06 03:00:00,10.2386,5.4374614,29.56598647648996,160.76391021883617,3,5,0,6.0326676,7.68977
2021-05-06 03:15:00,9.6131,4.494141,20.197303327881,90.76952897526644,3,5,0,5.4374614,7.391242
2021-05-06 03:30:00,9.1131,3.1230695,9.75356310183025,30.461055439651453,3,5,0,4.494141,7.0476108
2021-05-06 03:45:00,8.7347,1.9470149,3.7908670208220103,7.380874573459065,3,5,0,3.1230695,6.7238874
2021-05-06 04:00:00,8.4654,1.2408603,1.5397342841160901,1.9105951457085768,4,5,0,1.9470149,6.4055967
2021-05-06 04:15:00,8.3005,0.7775955,0.60465476162025,0.4701768216894791,4,5,0,1.2408603,6.2928233
2021-05-06 04:30:00,8.1949,0.47905362,0.2294923708351044,0.10993915101093919,4,5,0,0.7775955,6.3212223
2021-05-06 04:45:00,8.1528,0.26036572,0.06779030815111842,0.017650272390787817,4,5,0,0.47905362,6.333286
2021-05-06 05:00:00,8.1686,0.28464684,0.0810238235219856,0.023063175330250874,5,5,0,0.26036572,6.380222
2021-05-06 05:15:00,8.2423,0.9564239,0.91474667649121,0.8748855838417614,5,5,0,0.28464684,6.377987
2021-05-06 05:30:00,8.3535,1.9124868,3.6576057601742398,6.995122735937199,5,5,0,0.9564239,6.326852
2021-05-06 05:45:00,8.4975,2.834838,8.036306486244,22.781627006850968,5,5,0,1.9124868,6.2994366
2021-05-06 06:00:00,8.6588,3.4907053,12.18502349144809,42.53432608222236,6,5,1,2.834838,6.683413
2021-05-06 06:15:00,8.8381,3.8197238,14.590289908286438,55.73087761158152,6,5,1,3.4907053,6.563383
2021-05-06 06:30:00,9.102,3.9125607,15.308131231184488,59.89399264557504,6,5,1,3.8197238,6.2784934
2021-05-06 06:45:00,9.4487,3.840574,14.750008649476001,56.64849971895265,6,5,1,3.9125607,5.925337
2021-05-06 07:00:00,9.8712,3.6915636,13.627641812844958,50.30730647013646,7,5,1,3.840574,5.587305
2021-05-06 07:15:00,10.3745,3.4642448,12.000992034327039,41.57437424975887,7,5,1,3.6915636,5.3381977
2021-05-06 07:30:00,10.8975,3.0848153,9.516085435114089,29.355365946347096,7,5,1,3.4642448,5.460032
2021-05-06 07:45:00,11.4349,2.6756847,7.15928861381409,19.155999006866573,7,5,1,3.0848153,6.30952
2021-05-06 08:00:00,11.9679,2.382396,5.675810700816,13.522028710381234,8,5,1,2.6756847,6.5272613
2021-05-06 08:15:00,12.4888,2.5374374,6.4385885589187595,16.337515412612564,8,5,1,2.382396,6.4373484
2021-05-06 08:30:00,13.0368,3.17968,10.110364902399999,32.147725072863224,8,5,1,2.5374374,6.377353
2021-05-06 08:45:00,13.5993,2.5559993,6.533132421600489,16.698681896418154,8,5,1,3.17968,6.0326676
2021-05-06 09:00:00,14.1414,2.0779066,4.3176958383235595,8.971768679245057,9,5,1,2.5559993,5.4374614
2021-05-06 09:15:00,14.6534,1.6325626,2.66526064291876,4.3512048448811225,9,5,1,2.0779066,4.494141
2021-05-06 09:30:00,15.2973,1.5008596,2.25257953891216,3.3808056257398893,9,5,1,1.6325626,3.1230695
2021-05-06 09:45:00,16.0373,1.7478001,3.0548051895600103,5.339188815793505,9,5,1,1.5008596,1.9470149
2021-05-06 10:00:00,16.8498,1.858536,3.454156063296,6.419673393253895,10,5,1,1.7478001,1.2408603
2021-05-06 10:15:00,17.6659,1.6452676,2.70690547560976,4.453583875283328,10,5,1,1.858536,0.7775955
2021-05-06 10:30:00,18.4157,1.3571637,1.8418933085976903,2.4997507377016834,10,5,1,1.6452676,0.47905362
2021-05-06 10:45:00,19.0566,1.2531015,1.5702633693022503,1.967699383467704,10,5,1,1.3571637,0.26036572
2021-05-06 11:00:00,19.5703,1.362893,1.8574773294489997,2.5315428499647354,11,5,1,1.2531015,0.28464684
2021-05-06 11:15:00,19.9215,1.5623937,2.4410740737996903,3.8139187541379713,11,5,1,1.362893,0.9564239
2021-05-06 11:30:00,20.1399,1.7313257,2.99748867948049,5.189629186243635,11,5,1,1.5623937,1.9124868
2021-05-06 11:45:00,20.2039,1.7543697,3.07781304427809,5.399621947146239,11,5,1,1.7313257,2.834838
2021-05-06 12:00:00,20.1308,1.6338387,2.6694288976176903,4.36141623982612,12,5,1,1.7543697,3.4907053
2021-05-06 12:15:00,19.9305,1.5250802,2.3258696164320405,3.5471376998020996,12,5,1,1.6338387,3.8197238
2021-05-06 12:30:00,19.7318,1.5363859,2.36048163371881,3.626610699254544,12,5,1,1.5250802,3.9125607
2021-05-06 12:45:00,19.5345,1.6206456,2.62649216079936,4.256612963833976,12,5,1,1.5363859,3.840574
2021-05-06 13:00:00,19.3742,1.738798,3.0234184848040004,5.257114014540226,13,5,1,1.6206456,3.6915636
2021-05-06 13:15:00,19.2768,1.8822294,3.5427875142243597,6.668338817226008,13,5,1,1.738798,3.4642448
2021-05-06 13:30:00,19.0566,2.0519154,4.21035680875716,8.639295975383671,13,5,1,1.8822294,3.0848153
2021-05-06 13:45:00,18.7688,2.226022,4.955173944484,11.030326214248161,13,5,1,2.0519154,2.6756847
2021-05-06 14:00:00,18.4499,2.323344,5.397927342336001,12.541242103252292,14,5,1,2.226022,2.382396
2021-05-06 14:15:00,18.1604,2.3613043,5.57575799719849,13.166061334544183,14,5,1,2.323344,2.5374374
2021-05-06 14:30:00,17.8491,2.55573,6.5317558329,16.69340433481752,14,5,1,2.3613043,3.17968
2021-05-06 14:45:00,17.5499,2.895687,8.385003201969,24.28034476690001,14,5,1,2.55573,2.5559993
2021-05-06 15:00:00,17.2871,3.3000386,10.890254761489961,35.93826107675066,15,5,1,2.895687,2.0779066
2021-05-06 15:15:00,17.0755,3.6697652,13.46717662313104,49.42137611381981,15,5,1,3.3000386,1.6325626
2021-05-06 15:30:00,17.0351,3.95351,15.630241320100001,61.79431536142855,15,5,1,3.6697652,1.5008596
2021-05-06 15:45:00,17.2055,4.1546445,17.26107092138025,71.71361336762239,15,5,1,3.95351,1.7478001
2021-05-06 16:00:00,17.5913,4.267942,18.215328915363997,77.74196732169645,16,5,1,4.1546445,1.858536
2021-05-06 16:15:00,18.2197,4.3811216,19.19422647398656,84.09224020047436,16,5,1,4.267942,1.6452676
2021-05-06 16:30:00,18.9341,4.5397944,20.60973319427136,93.56395134084723,16,5,1,4.3811216,1.3571637
2021-05-06 16:45:00,19.7318,4.7966003,23.007374437960088,110.35717913133168,16,5,1,4.5397944,1.2531015
2021-05-06 17:00:00,20.5822,5.0886755,25.89461834430025,131.76930995049125,17,5,1,4.7966003,1.362893
2021-05-06 17:15:00,21.4792,5.209486,27.138744384196002,141.3789089270477,17,5,1,5.0886755,1.5623937
2021-05-06 17:30:00,22.3662,5.104032,26.051142657024002,132.96586575801552,17,5,1,5.209486,1.7313257
2021-05-06 17:45:00,23.1895,4.9613786,24.61527761253796,122.1257115799049,17,5,1,5.104032,1.7543697
2021-05-06 18:00:00,23.8796,4.7966585,23.007932765622254,110.3611962676505,18,5,0,4.9613786,1.6338387
2021-05-06 18:15:00,24.3944,4.585175,21.023829780624997,96.3979387143772,18,5,0,4.7966585,1.5250802
2021-05-06 18:30:00,24.9178,4.3037834,18.522551554115562,79.71704990424676,18,5,0,4.585175,1.5363859
2021-05-06 18:45:00,25.4392,4.161617,17.319056054688996,72.07527810114665,18,5,0,4.3037834,1.6206456
2021-05-06 19:00:00,25.9914,4.2053747,17.685176367400093,74.37279326050225,19,5,0,4.161617,1.738798
2021-05-06 19:15:00,26.5644,4.26706,18.2078010436,77.6937795211038,19,5,0,4.2053747,1.8822294
2021-05-06 19:30:00,27.0093,4.389737,19.269790929169,84.58931422403755,19,5,0,4.26706,2.0519154
2021-05-06 19:45:00,27.3092,4.52339,20.4610570921,92.55334103983422,19,5,0,4.389737,2.226022
2021-05-06 20:00:00,27.4252,4.574646,20.927386025316004,95.73538277116776,20,5,0,4.52339,2.323344
2021-05-06 20:15:00,27.3788,4.4292436,19.618198868140965,86.89378178024062,20,5,0,4.574646,2.3613043
2021-05-06 20:30:00,27.1935,4.2138066,17.756166062203558,74.82104974360936,20,5,0,4.4292436,2.55573
2021-05-06 20:45:00,26.9061,4.0054264,16.04344064581696,64.26082070958832,20,5,0,4.2138066,2.895687
2021-05-06 21:00:00,26.5644,3.8220668,14.60819462366224,55.83349567903794,21,5,0,4.0054264,3.3000386
2021-05-06 21:15:00,26.2037,3.6150196,13.068366708384161,47.24240179079623,21,5,0,3.8220668,3.6697652
2021-05-06 21:30:00,25.8802,3.4590142,11.96477923580164,41.38634127650302,21,5,0,3.6150196,3.95351
2021-05-06 21:45:00,25.6479,3.4344747,11.79561646494009,40.511746319740176,21,5,0,3.4590142,4.1546445
2021-05-06 22:00:00,25.5598,3.5965579,12.93522872805241,46.52229907018385,22,5,0,3.4344747,4.267942
2021-05-06 22:15:00,25.6479,4.061714,16.497520617796003,67.00821045859068,22,5,0,3.5965579,4.3811216
2021-05-06 22:30:00,25.7141,4.826172,23.291936173584,112.41089018673821,22,5,0,4.061714,4.5397944
2021-05-06 22:45:00,25.7583,5.5658803,30.979023513928087,172.4255366894091,22,5,0,4.826172,4.7966003
2021-05-06 23:00:00,25.7251,5.778477,33.390796439529,192.94794923750018,23,5,0,5.5658803,5.0886755
2021-05-06 23:15:00,25.6038,6.011297,36.135691622209,217.22237464151007,23,5,0,5.778477,5.209486
2021-05-06 23:30:00,25.3954,6.1750636,38.131410464044954,235.4638847731831,23,5,0,6.011297,5.104032
2021-05-06 23:45:00,25.0798,6.384629,40.763487467641006,260.25974422703734,23,5,0,6.1750636,4.9613786
2021-05-07 00:00:00,25.9468,9.782411,95.69556497292099,936.133347442317,0,5,0,6.384629,4.7966585
2021-05-07 00:15:00,26.0359,9.937807,98.76000796924899,981.4578985168583,0,5,0,9.782411,4.585175
2021-05-07 00:30:00,26.0471,10.178355,103.59891050602499,1054.466488743552,0,5,0,9.937807,4.3037834
2021-05-07 00:45:00,25.9802,10.143812,102.89692189134401,1043.767031044478,0,5,0,10.178355,4.161617
2021-05-07 01:00:00,25.8358,9.9204235,98.41480241935226,976.316518668799,1,5,0,10.143812,4.2053747
2021-05-07 01:15:00,25.6038,9.7192745,94.46429680635023,918.1244311103911,1,5,0,9.9204235,4.26706
2021-05-07 01:30:00,25.3517,9.950886,99.02013218499602,985.3380470778262,1,5,0,9.7192745,4.389737
2021-05-07 01:45:00,25.0365,9.969889,99.398686672321,990.9938728688198,1,5,0,9.950886,4.52339
2021-05-07 02:00:00,24.6497,10.011159,100.22330452328099,1003.3514370879851,2,5,0,9.969889,4.574646
2021-05-07 02:15:00,24.1517,10.049815,100.99878153422502,1015.0190696443776,2,5,0,10.011159,4.4292436
2021-05-07 02:30:00,23.5996,9.672653,93.56021605840901,904.9755045380181,2,5,0,10.049815,4.2138066
2021-05-07 02:45:00,22.9664,9.1082325,82.95989927405624,755.6180507646854,2,5,0,9.672653,4.0054264
2021-05-07 03:00:00,22.2674,8.84022,78.1494896484,690.8586813795788,3,5,0,9.1082325,3.8220668
2021-05-07 03:15:00,21.508,8.543936,72.99884237209601,623.6974373012765,3,5,0,8.84022,3.6150196
2021-05-07 03:30:00,20.778,8.330058,69.38986628336399,578.0216107526664,3,5,0,8.543936,3.4590142
2021-05-07 03:45:00,20.076,8.342655,69.599892449025,580.6478907393208,3,5,0,8.330058,3.4344747
2021-05-07 04:00:00,19.392,8.494687,72.15970722796901,612.9741269132345,4,5,0,8.342655,3.5965579
2021-05-07 04:15:00,18.7514,8.3805485,70.23359316085225,588.5960338137905,4,5,0,8.494687,4.061714
2021-05-07 04:30:00,18.1604,8.29448,68.7983984704,570.6469401447634,4,5,0,8.3805485,4.826172
2021-05-07 04:45:00,17.6493,8.284197,68.62791993480901,568.5272084401851,4,5,0,8.29448,5.5658803
2021-05-07 05:00:00,17.2462,8.015567,64.24931433148902,514.9946837281104,5,5,0,8.284197,5.778477
2021-05-07 05:15:00,16.9543,8.030778,64.493395285284,517.9321400023624,5,5,0,8.015567,6.011297
2021-05-07 05:30:00,16.7537,8.348867,69.703580183689,581.9459203774551,5,5,0,8.030778,6.1750636
2021-05-07 05:45:00,16.6739,8.9628525,80.33272493675625,720.0103645312182,5,5,0,8.348867,6.384629
2021-05-07 06:00:00,16.7377,9.187172,84.40412935758401,775.4352539183737,6,5,1,8.9628525,9.782411
2021-05-07 06:15:00,16.9463,9.031621,81.570177887641,736.710931583754,6,5,1,9.187172,9.937807
2021-05-07 06:30:00,17.1811,8.536606,72.87364199923601,622.0935695325302,6,5,1,9.031621,10.178355
2021-05-07 06:45:00,17.4346,7.648038,58.492485249443995,447.35274990218716,6,5,1,8.536606,10.143812
2021-05-07 07:00:00,17.7157,6.63121,43.9729460641,291.5938396697206,7,5,1,7.648038,9.9204235
2021-05-07 07:15:00,18.0506,6.1593027,37.93700975022728,233.66552658450124,7,5,1,6.63121,9.7192745
2021-05-07 07:30:00,18.3815,6.1423965,37.729034763212255,231.7466910779333,7,5,1,6.1593027,9.950886
2021-05-07 07:45:00,18.7341,6.1281114,37.55374933080996,230.1335593868789,7,5,1,6.1423965,9.969889
2021-05-07 08:00:00,19.118,6.1323147,37.60528357983609,230.6074332942975,8,5,1,6.1281114,10.011159
2021-05-07 08:15:00,19.5256,6.1821017,38.21838142914289,236.26992080435264,8,5,1,6.1323147,10.049815
2021-05-07 08:30:00,19.9305,6.1252394,37.51855770731236,229.81014790000333,8,5,1,6.1821017,9.672653
2021-05-07 08:45:00,20.3141,5.7239604,32.76372266076816,187.5382510668196,8,5,1,6.1252394,9.1082325
2021-05-07 09:00:00,20.6752,5.171593,26.745374157648996,138.31618977607843,9,5,1,5.7239604,8.84022
2021-05-07 09:15:00,20.9752,5.1030736,26.04136016701696,132.89097757639584,9,5,1,5.171593,8.543936
2021-05-07 09:30:00,21.2593,5.2457223,27.517602448717287,144.34970080777086,9,5,1,5.1030736,8.330058
2021-05-07 09:45:00,21.508,5.357198,28.699570411204004,153.74928120776127,9,5,1,5.2457223,8.342655
2021-05-07 10:00:00,21.7298,5.437094,29.561991164836,160.73132479038284,10,5,1,5.357198,8.494687
2021-05-07 10:15:00,21.9046,5.6878214,32.35131227829796,184.00848629458588,10,5,1,5.437094,8.3805485
2021-05-07 10:30:00,22.2082,5.9335594,35.20712715332836,208.90358026762672,10,5,1,5.6878214,8.29448
2021-05-07 10:45:00,22.6648,6.1419983,37.72414311720289,231.70162289481686,10,5,1,5.9335594,8.284197
2021-05-07 11:00:00,23.2711,6.362573,40.482335180329,257.5718127953115,11,5,1,6.1419983,8.015567
2021-05-07 11:15:00,24.0363,6.5398464,42.76959093559296,279.7065553096103,11,5,1,6.362573,8.030778
2021-05-07 11:30:00,24.9394,6.7173357,45.12259890649448,303.10364451137633,11,5,1,6.5398464,8.348867
2021-05-07 11:45:00,25.9802,6.8181424,46.48706578667776,316.955434291737,11,5,1,6.7173357,8.9628525
2021-05-07 12:00:00,27.1704,6.850264,46.926116869696,321.45628905227125,12,5,1,6.8181424,9.187172
2021-05-07 12:15:00,28.5234,6.8720317,47.22481968580489,324.53045790763525,12,5,1,6.850264,9.031621
2021-05-07 12:30:00,29.9672,6.833202,46.692649572804,319.06030644618346,12,5,1,6.8720317,8.536606
2021-05-07 12:45:00,31.521,6.742515,45.461508525225,306.52490315395744,12,5,1,6.833202,7.648038
2021-05-07 13:00:00,33.1792,6.651392,44.241015537664005,294.26433681909407,13,5,1,6.742515,6.63121
2021-05-07 13:15:00,34.9629,6.523651,42.558022369801,277.63368519077466,13,5,1,6.651392,6.1593027
2021-05-07 13:30:00,36.8223,6.3632364,40.49077748228496,257.652389139576,13,5,1,6.523651,6.1423965
2021-05-07 13:45:00,38.744,6.286433,39.519239863489,248.4350536127527,13,5,1,6.3632364,6.1281114
2021-05-07 14:00:00,40.7439,6.3226347,39.975709549644094,252.75180835570112,14,5,1,6.286433,6.1323147
2021-05-07 14:15:00,42.7739,6.4142966,41.14320087277156,263.9046934713357,14,5,1,6.3226347,6.1821017
2021-05-07 14:30:00,44.8299,6.4987574,42.233847744054756,274.46753055714913,14,5,1,6.4142966,6.1252394
2021-05-07 14:45:00,46.8542,6.580217,43.299255767089,284.9184988859471,14,5,1,6.4987574,5.7239604
2021-05-07 15:00:00,48.837,6.706417,44.976028977889,301.6280053298074,15,5,1,6.580217,5.171593
2021-05-07 15:15:00,50.7688,6.780844,45.979845352336,311.78215847831547,15,5,1,6.706417,5.1030736
2021-05-07 15:30:00,52.3699,6.844759,46.850725768081,320.6819268576043,15,5,1,6.780844,5.2457223
2021-05-07 15:45:00,53.6143,6.93984,48.1613792256,334.23226600498793,15,5,1,6.844759,5.357198
2021-05-07 16:00:00,54.4821,7.0142007,49.19901145988049,345.0917406212017,16,5,1,6.93984,5.437094
2021-05-07 16:15:00,54.9198,7.0026608,49.037258279856644,343.39128629582757,16,5,1,7.0142007,5.6878214
2021-05-07 16:30:00,55.0996,6.9554896,48.37883557570816,336.4984877069481,16,5,1,7.0026608,5.9335594
2021-05-07 16:45:00,54.9797,6.9561825,48.388474973306245,336.59906281100086,16,5,1,6.9554896,6.1419983
2021-05-07 17:00:00,54.5615,6.9616246,48.464217071325166,337.38968578347726,17,5,1,6.9561825,6.362573
2021-05-07 17:15:00,53.85,6.94374,48.2155251876,334.7960708661456,17,5,1,6.9616246,6.5398464
2021-05-07 17:30:00,52.8728,6.9175715,47.85279545761225,331.025134052908,17,5,1,6.94374,6.7173357
2021-05-07 17:45:00,51.622,6.891042,47.486459845763996,327.2311892284732,17,5,1,6.9175715,6.8181424
2021-05-07 18:00:00,50.1125,6.8474936,46.888168602040956,321.0664344181964,18,5,0,6.891042,6.850264
2021-05-07 18:15:00,48.3991,6.7699194,45.83180868249636,310.27765073672055,18,5,0,6.8474936,6.8720317
2021-05-07 18:30:00,46.6947,6.646861,44.18076115332101,293.6633782603244,18,5,0,6.7699194,6.833202
2021-05-07 18:45:00,45.019,6.48861,42.1020597321,273.18384579830143,18,5,0,6.646861,6.742515
2021-05-07 19:00:00,43.3562,6.312619,39.849158639161,251.55255595958184,19,5,0,6.48861,6.651392
2021-05-07 19:15:00,41.7087,6.109548,37.326576764304,228.0485124172,19,5,0,6.312619,6.523651
2021-05-07 19:30:00,40.2839,5.885908,34.643912984463995,203.9108845865605,19,5,0,6.109548,6.3632364
2021-05-07 19:45:00,39.0821,5.589697,31.244712551809002,174.6484760167091,19,5,0,5.885908,6.286433
2021-05-07 20:00:00,38.0747,5.464084,29.856213959055996,163.13686099425453,20,5,0,5.589697,6.3226347
2021-05-07 20:15:00,37.251,5.4020996,29.182680088320158,157.64774443204226,20,5,0,5.464084,6.4142966
2021-05-07 20:30:00,36.6315,5.4128304,29.298732939164157,158.5890723345891,20,5,0,5.4020996,6.4987574
2021-05-07 20:45:00,36.1795,5.46587,29.8757348569,163.296882882284,20,5,0,5.4128304,6.580217
2021-05-07 21:00:00,35.9047,5.4673033,29.891405374190892,163.4253792439516,21,5,0,5.46587,6.706417
2021-05-07 21:15:00,35.7895,5.3825345,28.971677643690253,155.94105444004148,21,5,0,5.4673033,6.780844
2021-05-07 21:30:00,35.7032,5.256522,27.631023536484005,145.24308310204597,21,5,0,5.3825345,6.844759
2021-05-07 21:45:00,35.6459,5.118093,26.194875956649,134.06781126959356,21,5,0,5.256522,6.93984
2021-05-07 22:00:00,35.6029,5.073278,25.738149665284002,130.5767884575927,22,5,0,5.118093,7.0142007
2021-05-07 22:15:00,35.5599,5.3745866,28.886181120899558,155.25128197755973,22,5,0,5.073278,7.0026608
2021-05-07 22:30:00,35.36,5.4296393,29.48098292810449,160.0711035090652,22,5,0,5.3745866,6.9554896
2021-05-07 22:45:00,34.977,5.29709,28.0591624681,148.63190891814781,22,5,0,5.4296393,6.9561825
2021-05-07 23:00:00,34.4297,5.217604,27.223391500815996,142.04087638822355,23,5,0,5.29709,6.9616246
2021-05-07 23:15:00,33.6969,5.160559,26.631369192481003,137.43275196858056,23,5,0,5.217604,6.94374
2021-05-07 23:30:00,32.8018,5.1574125,26.598903695156253,137.18151840369507,23,5,0,5.160559,6.9175715
2021-05-07 23:45:00,31.7686,5.2585177,27.652008401213287,145.40857561832877,23,5,0,5.1574125,6.891042
2021-05-08 00:00:00,28.8125,6.4245896,41.27535152842816,265.1771941658837,0,5,0,5.2585177,6.8474936
2021-05-08 00:15:00,27.5417,7.829434,61.300036760356,479.94459201278113,0,5,0,6.4245896,6.7699194
2021-05-08 00:30:00,26.316,8.668034,75.13481342515601,651.2711173529087,0,5,0,7.829434,6.646861
2021-05-08 00:45:00,25.1015,8.810672,77.627941091584,683.9543269932686,0,5,0,8.668034,6.48861
2021-05-08 01:00:00,23.9213,9.407137,88.494226536769,832.4773127404217,1,5,0,8.810672,6.312619
2021-05-08 01:15:00,22.7549,9.863087,97.280485169569,959.4858886296688,1,5,0,9.407137,6.109548
2021-05-08 01:30:00,21.6815,9.776368,95.577371271424,934.3995540220689,1,5,0,9.863087,5.885908
2021-05-08 01:45:00,20.6846,9.3590555,87.59191985208025,819.7776392471709,1,5,0,9.776368,5.589697
2021-05-08 02:00:00,19.7408,8.535893,72.861469307449,621.9377058311687,2,5,0,9.3590555,5.464084
2021-05-08 02:15:00,18.8469,7.845287,61.548528112369,482.865867469103,2,5,0,8.535893,5.4020996
2021-05-08 02:30:00,17.9917,7.344109,53.93593700388101,396.11140037363555,2,5,0,7.845287,5.4128304
2021-05-08 02:45:00,17.1729,7.0874553,50.23202262949809,356.0172150151562,2,5,0,7.344109,5.46587
2021-05-08 03:00:00,16.4046,7.014028,49.196588784784,345.0662512409609,3,5,0,7.0874553,5.4673033
2021-05-08 03:15:00,15.6681,6.904442,47.671319331364,329.14385938688156,3,5,0,7.014028,5.3825345
2021-05-08 03:30:00,15.0286,6.7930865,46.14602419648225,313.47393399779696,3,5,0,6.904442,5.256522
2021-05-08 03:45:00,14.479,6.4451923,41.5405037839793,267.73653512662423,3,5,0,6.7930865,5.118093
2021-05-08 04:00:00,14.0134,5.616157,31.541219448649002,177.14044039506624,4,5,0,6.4451923,5.073278
2021-05-08 04:15:00,13.6411,4.963161,24.632967111921005,122.25738168416898,4,5,0,5.616157,5.3745866
2021-05-08 04:30:00,13.2956,4.5580907,20.77619082942649,94.69976220103418,4,5,0,4.963161,5.4296393
2021-05-08 04:45:00,12.9827,4.4852676,20.11762544360976,90.2329335911585,4,5,0,4.5580907,5.29709
2021-05-08 05:00:00,12.7209,4.678054,21.884189226916003,102.37541894973133,5,5,0,4.4852676,5.217604
2021-05-08 05:15:00,12.502,5.010145,25.101552921024997,125.76241985950877,5,5,0,4.678054,5.160559
2021-05-08 05:30:00,12.3377,5.3804746,28.949506921245163,155.7620866722838,5,5,0,5.010145,5.1574125
2021-05-08 05:45:00,12.2332,5.5664763,30.985658398461688,172.48093311493292,5,5,0,5.3804746,5.2585177
2021-05-08 06:00:00,12.1877,5.581569,31.153912501761,173.88771224854165,6,5,1,5.5664763,6.4245896
2021-05-08 06:15:00,12.2137,5.497533,30.222869086089,166.1512201554541,6,5,1,5.581569,7.829434
2021-05-08 06:30:00,12.2462,5.407536,29.241445591296003,158.12416972697443,6,5,1,5.497533,8.668034
2021-05-08 06:45:00,12.2919,5.313456,28.232814663936004,150.01381847297876,6,5,1,5.407536,8.810672
2021-05-08 07:00:00,12.3442,5.2339926,27.394678536854755,143.3835447412766,7,5,1,5.313456,9.407137
2021-05-08 07:15:00,12.4098,5.4141803,29.31334832090809,158.70775300609864,7,5,1,5.2339926,9.863087
2021-05-08 07:30:00,12.4427,5.801541,33.657877974681,195.2675590431088,7,5,1,5.4141803,9.776368
2021-05-08 07:45:00,12.4493,6.0455847,36.549094364874094,220.960645691139,7,5,1,5.801541,9.3590555
2021-05-08 08:00:00,12.423,6.1216793,37.47495745204849,229.40967130258602,8,5,1,6.0455847,8.535893
2021-05-08 08:15:00,12.3508,6.13779,37.6724660841,231.2256856063281,8,5,1,6.1216793,7.845287
2021-05-08 08:30:00,12.2658,6.03148,36.3787509904,219.4177090235778,8,5,1,6.13779,7.344109
2021-05-08 08:45:00,12.1487,5.8076825,33.72917602080626,195.88834531545612,8,5,1,6.03148,7.0874553
2021-05-08 09:00:00,12.0,5.6210012,31.595654490401444,177.59921180533192,9,5,1,5.8076825,7.014028
2021-05-08 09:15:00,11.8014,5.696136,32.445965330496,184.81663117379017,9,5,1,5.6210012,6.904442
2021-05-08 09:30:00,11.6426,5.4378285,29.56997879541225,160.7964734380884,9,5,1,5.696136,6.7930865
2021-05-08 09:45:00,11.5102,5.072242,25.727638906564,130.496810622708,9,5,1,5.4378285,6.4451923
2021-05-08 10:00:00,11.4099,4.739841,22.466092705281003,106.48570731429182,10,5,1,5.072242,5.616157
2021-05-08 10:15:00,11.3287,4.620327,21.347421586928995,98.63206833847089,10,5,1,4.739841,4.963161
2021-05-08 10:30:00,11.3537,4.6145725,21.294279357756253,98.26399593161968,10,5,1,4.620327,4.5580907
2021-05-08 10:45:00,11.4788,4.7331176,22.40240221542976,106.03320420812959,10,5,1,4.6145725,4.4852676
2021-05-08 11:00:00,11.7123,5.0364647,25.365976674346086,127.75484610136746,11,5,1,4.7331176,4.678054
2021-05-08 11:15:00,12.0581,5.4354444,29.544055825491355,160.58507278995435,11,5,1,5.0364647,5.010145
2021-05-08 11:30:00,12.4888,5.781479,33.425499427441004,193.24882300426216,11,5,1,5.4354444,5.3804746
2021-05-08 11:45:00,13.0165,6.0353737,36.42573569865169,219.84292723879355,11,5,1,5.781479,5.5664763
2021-05-08 12:00:00,13.648,6.2755604,39.38265833404816,247.14825108788258,12,5,1,6.0353737,5.581569
2021-05-08 12:15:00,14.4067,6.4565682,41.68727292125124,269.1567206880719,12,5,1,6.2755604,5.497533
2021-05-08 12:30:00,15.2523,6.539355,42.76316381602499,279.6435091161421,12,5,1,6.4565682,5.407536
2021-05-08 12:45:00,16.2007,6.5392003,42.761140563520094,279.62366320131275,12,5,1,6.539355,5.313456
2021-05-08 13:00:00,17.2789,6.4935575,42.16628900580625,273.8092222208207,13,5,1,6.5392003,5.2339926
2021-05-08 13:15:00,18.5271,6.454445,41.659860258025,268.89127674310816,13,5,1,6.4935575,5.4141803
2021-05-08 13:30:00,19.8219,6.436065,41.422932684225,266.6006872462966,13,5,1,6.454445,5.801541
2021-05-08 13:45:00,21.1833,6.3797607,40.701346589264496,259.66485140726866,13,5,1,6.436065,6.0455847
2021-05-08 14:00:00,22.6248,6.295673,39.635498522929,249.53213789234397,14,5,1,6.3797607,6.1216793
2021-05-08 14:15:00,24.1622,6.212155,38.590869744025,239.73246443469364,14,5,1,6.295673,6.13779
2021-05-08 14:30:00,25.7472,6.1613903,37.96273042893409,233.90319902634934,14,5,1,6.212155,6.03148
2021-05-08 14:45:00,27.3788,6.1084967,37.31373193391089,227.93080838297928,14,5,1,6.1613903,5.8076825
2021-05-08 15:00:00,29.0551,6.0696974,36.84122652756676,223.61509686718298,15,5,1,6.1084967,5.6210012
2021-05-08 15:15:00,30.7617,5.985151,35.822032492801,214.4002735963204,15,5,1,6.0696974,5.696136
2021-05-08 15:30:00,32.4013,6.1125255,37.36296798815025,228.38209458325213,15,5,1,5.985151,5.4378285
2021-05-08 15:45:00,33.9168,6.2751913,39.378025851595694,247.10464523510842,15,5,1,6.1125255,5.072242
2021-05-08 16:00:00,35.2604,6.351907,40.346722536649,256.2786293075985,16,5,1,6.2751913,4.739841
2021-05-08 16:15:00,36.3976,6.369105,40.565498501025004,258.36591933037084,16,5,1,6.351907,4.620327
2021-05-08 16:30:00,37.3699,6.343132,40.235323569424,255.21796846356756,16,5,1,6.369105,4.6145725
2021-05-08 16:45:00,38.1806,6.2592754,39.17852853304516,245.22919985508764,16,5,1,6.343132,4.7331176
2021-05-08 17:00:00,38.8053,6.1483583,37.80230978517889,232.42214512687585,17,5,1,6.2592754,5.0364647
2021-05-08 17:15:00,39.2521,6.0342155,36.41175670044025,219.71638666402544,17,5,1,6.1483583,5.4354444
2021-05-08 17:30:00,39.5314,5.933287,35.203894624369,208.87481032413848,17,5,1,6.0342155,5.781479
2021-05-08 17:45:00,39.6404,5.837862,34.080632731044005,198.958030756518,17,5,1,5.933287,6.0353737
2021-05-08 18:00:00,39.547,5.814256,33.805572833536004,196.55425468082373,18,5,0,5.837862,6.2755604
2021-05-08 18:15:00,39.2985,5.7984753,33.62231580471009,194.95816772241105,18,5,0,5.814256,6.4565682
2021-05-08 18:30:00,39.0051,5.7177954,32.69318423626116,186.93293843744658,18,5,0,5.7984753,6.539355
2021-05-08 18:45:00,38.7593,5.5468907,30.767996437746486,170.6667132981691,18,5,0,5.7177954,6.5392003
2021-05-08 19:00:00,38.5758,5.343169,28.549454962560997,152.54456272285205,19,5,0,5.5468907,6.4935575
2021-05-08 19:15:00,38.4996,5.2077293,27.120444462078485,141.23593325418886,19,5,0,5.343169,6.454445
2021-05-08 19:30:00,38.5301,5.1585774,26.610920791790765,137.27449458972197,19,5,0,5.2077293,6.436065
2021-05-08 19:45:00,38.6828,5.1282973,26.299433197187287,134.87131225666593,19,5,0,5.1585774,6.3797607
2021-05-08 20:00:00,38.9743,5.199763,27.037535256169,140.58877543622307,20,5,0,5.1282973,6.295673
2021-05-08 20:15:00,39.4226,5.264009,27.709790752081,145.86458790707113,20,5,0,5.199763,6.212155
2021-05-08 20:30:00,40.0318,5.272965,27.804159891225,146.61036196083325,20,5,0,5.264009,6.1613903
2021-05-08 20:45:00,40.8396,5.502097,30.273071397409,166.56537531646987,20,5,0,5.272965,6.1084967
2021-05-08 21:00:00,41.855,6.4372272,41.43789402441983,266.74513852471284,21,5,0,5.502097,6.0696974
2021-05-08 21:15:00,43.1392,7.1772685,51.513183121092254,369.72394654974715,21,5,0,6.4372272,5.985151
2021-05-08 21:30:00,44.4537,7.3907433,54.62308652649488,403.70521077101233,21,5,0,7.1772685,6.1125255
2021-05-08 21:45:00,45.7638,7.4741673,55.8631768283893,417.530729524865,21,5,0,7.3907433,6.2751913
2021-05-08 22:00:00,47.0141,7.4647584,55.72261797037056,415.9558805643146,22,5,0,7.4741673,6.351907
2021-05-08 22:15:00,48.1813,7.352748,54.062903151504,397.5109030214147,22,5,0,7.4647584,6.369105
2021-05-08 22:30:00,49.0387,7.2160635,52.07157243603225,375.75177324325836,22,5,0,7.352748,6.343132
2021-05-08 22:45:00,49.5179,7.2666707,52.80450306223849,383.7129352304287,22,5,0,7.2160635,6.2592754
2021-05-08 23:00:00,49.4994,7.439976,55.353242880576,411.82679855365626,23,5,0,7.2666707,6.1483583
2021-05-08 23:15:00,48.947,7.4880195,56.07043603238025,419.856518383966,23,5,0,7.439976,6.0342155
2021-05-08 23:30:00,47.9823,6.8902836,47.47600808842896,327.12315992516943,23,5,0,7.4880195,5.933287
2021-05-08 23:45:00,46.6063,5.93714,35.249631379600004,209.28199644907838,23,5,0,6.8902836,5.837862
2021-05-09 00:00:00,46.9845,6.057222,36.68993835728401,222.23910179638455,0,5,0,5.93714,5.814256
2021-05-09 00:15:00,45.8711,5.762731,33.209068578361,191.37492897764682,0,5,0,6.057222,5.7984753
2021-05-09 00:30:00,44.4092,5.6708627,32.158683762251286,182.36748022844648,0,5,0,5.762731,5.7177954
2021-05-09 00:45:00,42.6284,5.372779,28.866754182841003,155.09469067173032,0,5,0,5.6708627,5.5468907
2021-05-09 01:00:00,40.5495,5.0099387,25.099485777757693,125.74688514808787,1,5,0,5.372779,5.343169
2021-05-09 01:15:00,38.2613,4.9978247,24.978251731930087,124.83692346865797,1,5,0,5.0099387,5.2077293
2021-05-09 01:30:00,35.9597,4.6045585,21.201958979922253,97.62566043765236,1,5,0,4.9978247,5.1585774
2021-05-09 01:45:00,33.6748,2.805111,7.8686477223210005,22.072430281007584,1,5,0,4.6045585,5.1282973
2021-05-09 02:00:00,31.3825,4.150308,17.225056494864,71.489289771086,2,5,0,2.805111,5.199763
2021-05-09 02:15:00,29.1024,5.303298,28.124969676804,149.15509543705528,2,5,0,4.150308,5.264009
2021-05-09 02:30:00,26.9166,4.350075,18.923152505625,82.31713263590669,2,5,0,5.303298,5.272965
2021-05-09 02:45:00,24.8165,3.2991407,10.88432935839649,35.90893397849075,2,5,0,4.350075,5.502097
2021-05-09 03:00:00,22.7756,2.6497316,7.02107755203856,18.603971055687214,3,5,0,3.2991407,6.4372272
2021-05-09 03:15:00,20.7909,2.1456826,4.6039538199427605,9.878623602654717,3,5,0,2.6497316,7.1772685
2021-05-09 03:30:00,19.0693,1.4688994,2.15766544732036,3.169393480969608,3,5,0,2.1456826,7.3907433
2021-05-09 03:45:00,17.5495,1.2719787,1.6179298132536901,2.0579722605536714,3,5,0,1.4688994,7.4741673
2021-05-09 04:00:00,16.2188,1.4089153,1.9850423225740903,2.7967564994221714,4,5,0,1.2719787,7.4647584
2021-05-09 04:15:00,15.0523,1.8228822,3.32289951507684,6.057254378422203,4,5,0,1.4089153,7.352748
2021-05-09 04:30:00,14.0637,1.825283,3.3316580300889997,6.08121876413494,4,5,0,1.8228822,7.2160635
2021-05-09 04:45:00,13.2338,1.5587324,2.42964669480976,3.787169023752885,4,5,0,1.825283,7.2666707
2021-05-09 05:00:00,12.5422,1.3766581,1.89518752429561,2.609025256340498,5,5,0,1.5587324,7.439976
2021-05-09 05:15:00,11.966,1.2457308,1.5518452260686402,1.9331813949466679,5,5,0,1.3766581,7.4880195
2021-05-09 05:30:00,11.5041,1.5327867,2.34943506769689,3.6011828242793924,5,5,0,1.2457308,6.8902836
2021-05-09 05:45:00,11.1449,2.1195707,4.492579952298491,9.522340834299278,5,5,0,1.5327867,5.93714
2021-05-09 06:00:00,10.8785,2.6360724,6.948877698041761,18.317744710783423,6,5,1,2.1195707,6.057222
2021-05-09 06:15:00,10.6906,3.1976492,10.224960406260639,32.69583646311101,6,5,1,2.6360724,5.762731
2021-05-09 06:30:00,10.6146,3.6995413,13.68660583040569,50.634163526406645,6,5,1,3.1976492,5.6708627
2021-05-09 06:45:00,10.6555,3.9354765,15.48797528205225,60.9525627550975,6,5,1,3.6995413,5.372779
2021-05-09 07:00:00,10.8079,4.1215634,16.987284860219564,70.01417154525507,7,5,1,3.9354765,5.0099387
2021-05-09 07:15:00,11.0796,4.2182913,17.79398149165569,75.06019731861221,7,5,1,4.1215634,4.9978247
2021-05-09 07:30:00,11.3359,4.261777,18.162743197729004,77.40556121698792,7,5,1,4.2182913,4.6045585
2021-05-09 07:45:00,11.5766,4.388586,19.259687079396002,84.52279308101818,7,5,1,4.261777,2.805111
2021-05-09 08:00:00,11.801,4.4352984,19.671871897042557,87.25062194995782,8,5,1,4.388586,4.150308
2021-05-09 08:15:00,12.0213,4.295836,18.454206938896004,79.27624651955927,8,5,1,4.4352984,5.303298
2021-05-09 08:30:00,12.2247,3.957686,15.663278474595998,61.99033793300993,8,5,1,4.295836,4.350075
2021-05-09 08:45:00,12.4235,3.676072,13.513505349184,49.67661863598553,8,5,1,3.957686,3.2991407
2021-05-09 09:00:00,12.63,3.6099584,13.03179964973056,47.044254612661895,9,5,1,3.676072,2.6497316
2021-05-09 09:15:00,12.8509,3.607443,13.013644998249,46.94598255341837,9,5,1,3.6099584,2.1456826
2021-05-09 09:30:00,12.9524,3.4627926,11.990932590614761,41.52211264187963,9,5,1,3.607443,1.4688994
2021-05-09 09:45:00,12.9779,3.2906842,10.82860250412964,35.63351116841984,9,5,1,3.4627926,1.2719787
2021-05-09 10:00:00,12.9588,3.1236813,9.757384863969689,30.478960636485162,10,5,1,3.2906842,1.4089153
2021-05-09 10:15:00,12.927,3.003681,9.022099549760998,27.099508997725664,10,5,1,3.1236813,1.8228822
2021-05-09 10:30:00,12.8255,2.9147367,8.495690030326891,24.762699523217904,10,5,1,3.003681,1.825283
2021-05-09 10:45:00,12.674,2.6524644,7.0355673932673595,18.66159204444247,10,5,1,2.9147367,1.5587324
2021-05-09 11:00:00,12.4796,2.322333,5.393230562889,12.5248773128057,11,5,1,2.6524644,1.3766581
2021-05-09 11:15:00,12.2557,2.0926228,4.37907018307984,9.163742107913048,11,5,1,2.322333,1.2457308
2021-05-09 11:30:00,12.009,1.9719381,3.88853987023161,7.667959923478768,11,5,1,2.0926228,1.5327867
2021-05-09 11:45:00,11.7402,1.8708616,3.50012312635456,6.548245952368695,11,5,1,1.9719381,2.1195707
2021-05-09 12:00:00,11.45,1.8735024,3.51001124280576,6.576014487423574,12,5,1,1.8708616,2.6360724
2021-05-09 12:15:00,11.1271,1.9701312,3.8814169452134397,7.646900623973688,12,5,1,1.8735024,3.1976492
2021-05-09 12:30:00,10.8255,2.044386,4.179514116995999,8.544540147588982,12,5,1,1.9701312,3.6995413
2021-05-09 12:45:00,10.5563,2.0725663,4.29553106789569,8.90277293192362,12,5,1,2.044386,3.9354765
2021-05-09 13:00:00,10.3127,2.1208336,4.497935158888961,9.539372015593047,13,5,1,2.0725663,4.1215634
2021-05-09 13:15:00,10.1055,2.2328074,4.98542888549476,11.131502507706452,13,5,1,2.1208336,4.2182913
2021-05-09 13:30:00,10.0483,2.453575,6.020030280624999,14.770595795784482,13,5,1,2.2328074,4.261777
2021-05-09 13:45:00,10.1055,2.6878572,7.224576327591839,19.418629499067283,13,5,1,2.453575,4.388586
2021-05-09 14:00:00,10.2435,2.9371035,8.62657696971225,25.337149410761246,14,5,1,2.6878572,4.4352984
2021-05-09 14:15:00,10.4285,3.4249542,11.73031127209764,40.175778858678164,14,5,1,2.9371035,4.295836
2021-05-09 14:30:00,10.6497,4.1449447,17.18056656605809,71.21249833097967,14,5,1,3.4249542,3.957686
2021-05-09 14:45:00,10.8962,4.6454597,21.58029582432409,100.25039456597584,14,5,1,4.1449447,3.676072
2021-05-09 15:00:00,11.1568,4.962241,24.623835742080995,122.18940729661973,15,5,1,4.6454597,3.6099584
2021-05-09 15:15:00,11.4139,5.2842107,27.92288272199449,147.55039565440842,15,5,1,4.962241,3.607443
2021-05-09 15:30:00,11.6552,5.5793524,31.129173203385765,173.68062722232605,15,5,1,5.2842107,3.4627926
2021-05-09 15:45:00,11.8926,6.0633664,36.764412100648954,222.9161010468283,15,5,1,5.5793524,3.2906842
2021-05-09 16:00:00,12.1505,6.6230097,43.864257486294086,290.51340281502337,16,5,1,6.0633664,3.1236813
2021-05-09 16:15:00,12.4547,6.4231935,41.25741473844225,265.0043581747665,16,5,1,6.6230097,3.003681
2021-05-09 16:30:00,12.7497,5.8907585,34.70103570532225,204.4154210399305,16,5,1,6.4231935,2.9147367
2021-05-09 16:45:00,13.048,5.5607615,30.922068459882247,171.9502477920775,16,5,1,5.8907585,2.6524644
2021-05-09 17:00:00,13.3628,5.550183,30.804531333488995,170.97078613009793,17,5,1,5.5607615,2.322333
2021-05-09 17:15:00,13.701,6.4169765,41.177587401552245,264.2356106824568,17,5,1,5.550183,2.0926228
2021-05-09 17:30:00,14.0703,6.6920896,44.78406321442816,299.69896368301727,17,5,1,6.4169765,1.9719381
2021-05-09 17:45:00,14.4923,6.798897,46.225000416609,314.2790166574817,17,5,1,6.6920896,1.8708616
2021-05-09 18:00:00,14.9833,6.7690024,45.81939349120576,310.1515845085161,18,5,0,6.798897,1.8735024
2021-05-09 18:15:00,15.5405,6.621891,43.849440415881,290.3662148449586,18,5,0,6.7690024,1.9701312
2021-05-09 18:30:00,16.0169,6.464105,41.784653451025,270.100387296038,18,5,0,6.621891,2.044386
2021-05-09 18:45:00,16.4077,6.3558025,40.39622541900626,256.7504305086835,18,5,0,6.464105,2.0725663
2021-05-09 19:00:00,16.7159,6.28574,39.5105273476,248.3529021699032,19,5,0,6.3558025,2.1208336
2021-05-09 19:15:00,16.9459,6.2677565,39.28477154329225,246.22738219148502,19,5,0,6.28574,2.2328074
2021-05-09 19:30:00,17.1179,6.3001065,39.69134191134225,250.05968116936975,19,5,0,6.2677565,2.453575
2021-05-09 19:45:00,17.2082,6.4628553,41.768498628738094,269.94376273578274,19,5,0,6.3001065,2.6878572
2021-05-09 20:00:00,17.2082,6.663552,44.402925256704,295.8812014001605,20,5,0,6.4628553,2.9371035
2021-05-09 20:15:00,17.0804,6.8336787,46.699164574833695,319.1270862628356,20,5,0,6.663552,3.4249542
2021-05-09 20:30:00,16.9161,7.055009,49.773151990081004,351.1500352483894,20,5,0,6.8336787,4.1449447
2021-05-09 20:45:00,16.6938,7.3152475,53.512845986256245,391.45971281884607,20,5,0,7.055009,4.6454597
2021-05-09 21:00:00,16.4077,7.819556,61.14545603713601,478.1303176279231,21,5,0,7.3152475,4.962241
2021-05-09 21:15:00,16.0456,8.427919,71.02981867056099,598.6335583401757,21,5,0,7.819556,5.2842107
2021-05-09 21:30:00,15.6817,8.484653,71.98933653040899,610.8045401607443,21,5,0,8.427919,5.5793524
2021-05-09 21:45:00,15.3161,8.212468,67.44463065102399,553.8868709933537,21,5,0,8.484653,6.0633664
2021-05-09 22:00:00,14.9627,7.7756176,60.460229061429764,470.11562119008477,22,5,0,8.212468,6.6230097
2021-05-09 22:15:00,14.6074,8.036866,64.591215101956,519.1109405515966,22,5,0,7.7756176,6.4231935
2021-05-09 22:30:00,14.4788,7.839176,61.452680358976004,481.7383770057561,22,5,0,8.036866,5.8907585
2021-05-09 22:45:00,14.5667,8.889408,79.021574590464,702.4550173370673,22,5,0,7.839176,5.5607615
2021-05-09 23:00:00,14.8802,9.314005,86.750689140025,807.9963524036385,23,5,0,8.889408,5.550183
2021-05-09 23:15:00,15.4351,8.44525,71.3222475625,602.334211227203,23,5,0,9.314005,6.4169765
2021-05-09 23:30:00,16.2115,7.628079,58.187589230240995,443.8595274678275,23,5,0,8.44525,6.6920896
2021-05-09 23:45:00,17.2383,7.0920773,50.297560429175284,356.7141865651323,23,5,0,7.628079,6.798897
2021-05-10 00:00:00,19.5198,8.430187,71.068052854969,599.1169752932726,0,5,0,7.0920773,6.7690024
2021-05-10 00:15:00,20.635,8.207385,67.361168538225,552.8590442430999,0,5,0,8.430187,6.621891
2021-05-10 00:30:00,21.7466,8.348349,69.69493102580101,581.8376077343149,0,5,0,8.207385,6.464105
2021-05-10 00:45:00,22.8507,8.122915,65.98174809722501,535.9641313451706,0,5,0,8.348349,6.3558025
2021-05-10 01:00:00,23.9527,8.144216,66.328254254656,540.1916295528375,1,5,0,8.122915,6.28574
2021-05-10 01:15:00,25.0391,7.85041,61.6289371681,483.8124246338239,1,5,0,8.144216,6.2677565
2021-05-10 01:30:00,26.2105,7.9917817,63.86857474045489,510.4237068158496,1,5,0,7.85041,6.3001065
2021-05-10 01:45:00,27.4407,8.492075,72.115337805625,612.4088572957029,1,5,0,7.9917817,6.4628553
2021-05-10 02:00:00,28.7332,9.944057,98.88426961924901,983.3108134971806,2,5,0,8.492075,6.663552
2021-05-10 02:15:00,30.0318,10.607776,112.52491166617598,1193.6390573745816,2,5,0,9.944057,6.8336787
2021-05-10 02:30:00,31.1969,10.510034,110.46081468115598,1160.9469179666485,2,5,0,10.607776,7.055009
2021-05-10 02:45:00,32.2237,10.115092,102.315086168464,1034.926509581941,2,5,0,10.510034,7.3152475
2021-05-10 03:00:00,33.0979,9.123638,83.24077035504399,759.4586555605529,3,5,0,10.115092,7.819556
2021-05-10 03:15:00,33.7806,8.614724,74.21346959617601,639.3285576534479,3,5,0,9.123638,8.427919
2021-05-10 03:30:00,34.1399,8.548174,73.07127873427599,624.6260050230909,3,5,0,8.614724,8.484653
2021-05-10 03:45:00,34.1801,8.6037445,74.02441942128024,636.887191461533,3,5,0,8.548174,8.212468
2021-05-10 04:00:00,33.8734,8.639353,74.638420258609,644.8276599764744,4,5,0,8.6037445,7.7756176
2021-05-10 04:15:00,33.2544,8.634536,74.55521193529601,643.7496614429431,4,5,0,8.639353,8.036866
2021-05-10 04:30:00,32.4403,8.708099,75.83098819380102,660.3437524594505,4,5,0,8.634536,7.839176
2021-05-10 04:45:00,31.4198,8.953999,80.17409809200099,717.8787941416788,4,5,0,8.708099,8.889408
2021-05-10 05:00:00,30.2353,9.354205,87.50115118202501,818.5037058926542,5,5,0,8.953999,9.314005
2021-05-10 05:15:00,28.8827,9.710232,94.288605493824,915.5642343015055,5,5,0,9.354205,8.44525
2021-05-10 05:30:00,27.4737,9.917647,98.35972201660901,975.4970019788564,5,5,0,9.710232,7.628079
2021-05-10 05:45:00,26.0312,10.026545,100.53160463702501,1007.98465781534,5,5,0,9.917647,7.0920773
2021-05-10 06:00:00,24.5856,10.068502,101.37473252400402,1020.6916971673995,6,5,1,10.026545,8.430187
2021-05-10 06:15:00,23.1529,10.117999,102.37390376400099,1035.8190559102582,6,5,1,10.068502,8.207385
2021-05-10 06:30:00,22.0001,10.0886135,101.78012235238224,1026.8203163958951,6,5,1,10.117999,8.348349
2021-05-10 06:45:00,21.1232,10.031818,100.637372385124,1009.5758037657897,6,5,1,10.0886135,8.122915
2021-05-10 07:00:00,20.5402,9.950021,99.00291790044099,985.0811121706637,7,5,1,10.031818,8.144216
2021-05-10 07:15:00,20.2493,9.839019,96.806294882361,952.4789746671528,7,5,1,9.950021,7.85041
2021-05-10 07:30:00,20.3175,9.665337,93.41873932356899,902.9235976774462,7,5,1,9.839019,7.9917817
2021-05-10 07:45:00,20.7475,9.459783,89.487494407089,846.5322783047756,7,5,1,9.665337,8.492075
2021-05-10 08:00:00,21.549,9.237283,85.32739722208899,788.1933157938498,8,5,1,9.459783,9.944057
2021-05-10 08:15:00,22.7569,9.176722,84.21222666528399,772.7921931082983,8,5,1,9.237283,10.607776
2021-05-10 08:30:00,24.3664,9.230862,85.20881326304401,786.5507964149289,8,5,1,9.176722,10.510034
2021-05-10 08:45:00,26.4334,9.185159,84.36714585528101,774.9256490569471,8,5,1,9.230862,10.115092
2021-05-10 09:00:00,29.0097,9.103995,82.88272496002499,754.5639136224427,9,5,1,9.185159,9.123638
2021-05-10 09:15:00,32.1603,9.046685,81.84250948922501,740.4034029585295,9,5,1,9.103995,8.614724
2021-05-10 09:30:00,35.8479,8.9698515,80.45823593205226,721.6984282624729,9,5,1,9.046685,8.548174
2021-05-10 09:45:00,40.1473,8.860918,78.515867802724,695.7226662987775,9,5,1,8.9698515,8.6037445
2021-05-10 10:00:00,45.1183,8.910708,79.40071706126399,707.5166047235415,10,5,1,8.860918,8.639353
2021-05-10 10:15:00,50.7739,9.097367,82.76208633268901,752.9170730541559,10,5,1,8.910708,8.634536
2021-05-10 10:30:00,56.6275,9.263247,85.807744983009,794.8583362906231,10,5,1,9.097367,8.708099
2021-05-10 10:45:00,62.467,9.360704,87.622779375616,820.2109013924462,10,5,1,9.263247,8.953999
2021-05-10 11:00:00,68.09,9.332907,87.10315307064901,812.9256270151317,11,5,1,9.360704,9.354205
2021-05-10 11:15:00,73.306,9.238645,85.352561436025,788.5420149481251,11,5,1,9.332907,9.710232
2021-05-10 11:30:00,78.0282,9.062156,82.122671368336,744.2084590765943,11,5,1,9.238645,9.917647
2021-05-10 11:45:00,82.1149,8.889576,79.024561459776,702.4948449633497,11,5,1,9.062156,10.026545
2021-05-10 12:00:00,85.5443,8.701692,75.719443662864,658.8872771655942,12,5,1,8.889576,10.068502
2021-05-10 12:15:00,88.2633,8.522031,72.62501236496101,618.912606749581,12,5,1,8.701692,10.117999
2021-05-10 12:30:00,90.2882,8.365063,69.974278993969,585.3392521641272,12,5,1,8.522031,10.0886135
2021-05-10 12:45:00,91.595,8.237436,67.85535185409601,558.9541181555973,12,5,1,8.365063,10.031818
2021-05-10 13:00:00,92.1967,8.074213,65.192915569369,526.3814863981016,13,5,1,8.237436,9.950021
2021-05-10 13:15:00,92.0872,7.874211,62.003198872521,488.2262705971924,13,5,1,8.074213,9.839019
2021-05-10 13:30:00,91.3494,7.6415057,58.392609363132486,446.20745728625025,13,5,1,7.874211,9.665337
2021-05-10 13:45:00,90.0712,7.420058,55.057260723364,408.52806788848284,13,5,1,7.6415057,9.459783
2021-05-10 14:00:00,88.2633,7.248074,52.534576709476,380.77449954895854,14,5,1,7.420058,9.237283
2021-05-10 14:15:00,86.1007,7.1184974,50.673005233806755,360.7156560070398,14,5,1,7.248074,9.176722
2021-05-10 14:30:00,83.4937,7.0075746,49.10610177456516,344.11467150045775,14,5,1,7.1184974,9.230862
2021-05-10 14:45:00,80.5946,6.8931727,47.51582987202529,327.53482129168924,14,5,1,7.0075746,9.185159
2021-05-10 15:00:00,77.4755,6.7972074,46.202028438614754,314.0447695979626,15,5,1,6.8931727,9.103995
2021-05-10 15:15:00,74.2559,6.7459416,45.50772807061056,306.9924759130195,15,5,1,6.7972074,9.046685
2021-05-10 15:30:00,71.0236,6.7247744,45.22259073089536,304.11172044880243,15,5,1,6.7459416,8.9698515
2021-05-10 15:45:00,67.8126,6.6921334,44.784649443395566,299.7048483474389,15,5,1,6.7247744,8.860918
2021-05-10 16:00:00,64.6766,6.6395087,44.0830757773757,292.6899651466452,16,5,1,6.6921334,8.910708
2021-05-10 16:15:00,61.5765,6.544104,42.825297162816,280.2531984643728,16,5,1,6.6395087,9.097367
2021-05-10 16:30:00,58.5834,6.4397187,41.469976935129694,267.0549859577234,16,5,1,6.544104,9.263247
2021-05-10 16:45:00,55.7584,6.3657684,40.523007322438566,257.96007948614806,16,5,1,6.4397187,9.360704
2021-05-10 17:00:00,53.1533,6.300853,39.700748527609,250.14858046243074,17,5,1,6.3657684,9.332907
2021-05-10 17:15:00,50.7739,6.195835,38.388371347225,237.84801478613377,17,5,1,6.300853,9.238645
2021-05-10 17:30:00,48.6778,6.096152,37.163069207104,226.55171867302548,17,5,1,6.195835,9.062156
2021-05-10 17:45:00,46.8617,6.0423446,36.509928265149156,220.60556789931138,17,5,1,6.096152,8.889576
2021-05-10 18:00:00,45.2884,6.002725,36.032707425625,216.2944336814848,18,5,0,6.0423446,8.701692
2021-05-10 18:15:00,43.9416,5.925161,35.107532875921,208.01778460262497,18,5,0,6.002725,8.522031
2021-05-10 18:30:00,42.8395,5.856646,34.30030236931599,200.88472867004504,18,5,0,5.925161,8.365063
2021-05-10 18:45:00,41.9842,5.8162103,33.82830225382609,196.7525200002165,18,5,0,5.856646,8.237436
2021-05-10 19:00:00,41.3325,5.7701483,33.29461140399289,192.11484539191017,19,5,0,5.8162103,8.074213
2021-05-10 19:15:00,40.8455,5.6784616,32.244926142674565,183.10157489601363,19,5,0,5.7701483,7.874211
2021-05-10 19:30:00,40.4408,5.5637465,30.955275116262246,172.22730358464116,19,5,0,5.6784616,7.6415057
2021-05-10 19:45:00,40.1165,5.4327326,29.514583503102756,160.34483997272852,19,5,0,5.5637465,7.420058
2021-05-10 20:00:00,39.8862,5.2128177,27.173468373433295,141.6503369074233,20,5,0,5.4327326,7.248074
2021-05-10 20:15:00,39.7486,5.0993533,26.00340407822089,132.60054439750914,20,5,0,5.2128177,7.1184974
2021-05-10 20:30:00,39.7028,5.0199633,25.200031533346888,126.50323345624409,20,5,0,5.0993533,7.0075746
2021-05-10 20:45:00,39.7333,4.9049425,24.058460928306246,118.00536749183875,20,5,0,5.0199633,6.8931727
2021-05-10 21:00:00,39.8403,4.6932473,22.026570218957293,103.37614120838174,21,5,0,4.9049425,6.7972074
2021-05-10 21:15:00,40.0242,4.441935,19.730786544225,87.64287132832207,21,5,0,4.6932473,6.7459416
2021-05-10 21:30:00,40.0703,4.3434806,18.865823722576362,81.94333934203023,21,5,0,4.441935,6.7247744
2021-05-10 21:45:00,40.0089,4.4803042,20.07312572453764,89.93370949077404,21,5,0,4.3434806,6.6921334
2021-05-10 22:00:00,39.8403,4.7519555,22.58108107398025,107.30429240544638,22,5,0,4.4803042,6.6395087
2021-05-10 22:15:00,39.5504,5.004066,25.040676532356,125.30519805256056,22,5,0,4.7519555,6.544104
2021-05-10 22:30:00,39.1417,5.0946183,25.955135622694886,132.23150892236325,22,5,0,5.004066,6.4397187
2021-05-10 22:45:00,38.6025,4.998814,24.988141406596004,124.9110710972718,22,5,0,5.0946183,6.3657684
2021-05-10 23:00:00,37.9521,4.9509597,24.512001951024093,121.35793382584167,23,5,0,4.998814,6.300853
2021-05-10 23:15:00,37.1813,4.7504473,22.566749550077294,107.2021544699409,23,5,0,4.9509597,6.195835
2021-05-10 23:30:00,36.2689,4.5052304,20.29710095708416,91.44311626372468,23,5,0,4.7504473,6.096152
2021-05-10 23:45:00,35.2521,4.3610497,19.018754485870087,82.9417335449774,23,5,0,4.5052304,6.0423446
2021-05-11 00:00:00,31.8572,6.38615,40.7829118225,260.4457923352584,0,5,0,4.3610497,6.002725
2021-05-11 00:15:00,29.9842,5.769799,33.290580500401,192.0799580806332,0,5,0,6.38615,5.925161
2021-05-11 00:30:00,28.0635,4.611382,21.264843949924,98.06031862348843,0,5,0,5.769799,5.856646
2021-05-11 00:45:00,26.1154,4.110689,16.897764054720998,69.461452824337,0,5,0,4.611382,5.8162103
2021-05-11 01:00:00,24.1884,3.219664,10.366236272896,33.37579774333742,1,5,0,4.110689,5.7701483
2021-05-11 01:15:00,22.2929,3.2620897,10.641229210846092,34.71264420404017,1,5,0,3.219664,5.6784616
2021-05-11 01:30:00,20.523,3.389314,11.487449390596002,38.9345730438385,1,5,0,3.2620897,5.5637465
2021-05-11 01:45:00,18.8671,3.0436664,9.263905154488961,28.196236851504864,1,5,0,3.389314,5.4327326
2021-05-11 02:00:00,17.3139,2.6448166,6.99505484763556,18.500637178936998,2,5,0,3.0436664,5.2128177
2021-05-11 02:15:00,15.8666,2.504801,6.274028049601,15.715191732668636,2,5,0,2.6448166,5.0993533
2021-05-11 02:30:00,14.5058,2.4355881,5.932089392861609,14.448126333389961,2,5,0,2.504801,5.0199633
2021-05-11 02:45:00,13.221,2.9734757,8.841557738490488,26.290157085548422,2,5,0,2.4355881,4.9049425
2021-05-11 03:00:00,12.009,4.5233116,20.460347830694563,92.54852868261557,3,5,0,2.9734757,4.6932473
2021-05-11 03:15:00,10.8667,5.1479983,26.501886496802893,136.43166663233424,3,5,0,4.5233116,4.441935
2021-05-11 03:30:00,9.8373,5.403618,29.199087489923997,157.78071474412812,3,5,0,5.1479983,4.3434806
2021-05-11 03:45:00,8.9202,4.726498,22.339783344004005,105.58894129586824,3,5,0,5.403618,4.4803042
2021-05-11 04:00:00,8.111,4.5048084,20.29329872071056,91.41742254076618,4,5,0,4.726498,4.7519555
2021-05-11 04:15:00,7.407,4.571673,20.900194018928996,95.54885269109917,4,5,0,4.5048084,5.004066
2021-05-11 04:30:00,6.8272,4.834587,23.373231460569,112.99992096725789,4,5,0,4.571673,5.0946183
2021-05-11 04:45:00,6.3648,5.506511,30.321663393120996,166.9665730125181,4,5,0,4.834587,4.998814
2021-05-11 05:00:00,6.0046,6.551002,42.915627204004004,281.1403596446847,5,5,0,5.506511,4.9509597
2021-05-11 05:15:00,5.7426,7.1487327,51.10437921604929,365.33154681497194,5,5,0,6.551002,4.7504473
2021-05-11 05:30:00,5.5613,7.5041733,56.31261691643289,422.579636317424,5,5,0,7.1487327,4.5052304
2021-05-11 05:45:00,5.4688,7.667874,58.796291679876006,450.8425562685376,5,5,0,7.5041733,4.3610497
2021-05-11 06:00:00,5.4639,7.7879667,60.65242532030889,472.3590686688025,6,5,1,7.667874,6.38615
2021-05-11 06:15:00,5.5467,7.840512,61.473628422144,481.98472132736117,6,5,1,7.7879667,5.769799
2021-05-11 06:30:00,5.6543,8.009585,64.15345187222499,513.8425258139952,6,5,1,7.840512,4.611382
2021-05-11 06:45:00,5.7918,8.220707,67.58002357984901,555.5555729030299,6,5,1,8.009585,4.110689
2021-05-11 07:00:00,5.955,8.263964,68.293100993296,564.3717280569623,7,5,1,8.220707,3.219664
2021-05-11 07:15:00,6.1541,8.122543,65.97570478684901,535.8904990864869,7,5,1,8.263964,3.2620897
2021-05-11 07:30:00,6.3447,7.8535395,61.67808267806025,484.391258596412,7,5,1,8.122543,3.389314
2021-05-11 07:45:00,6.5418,7.47903,55.935889740899995,418.3461974488833,7,5,1,7.8535395,3.0436664
2021-05-11 08:00:00,6.7402,6.8927073,47.50941392347328,327.46848416904595,8,5,1,7.47903,2.6448166
2021-05-11 08:15:00,6.9453,6.078545,36.948709317025,224.59439227545573,8,5,1,6.8927073,2.504801
2021-05-11 08:30:00,7.1571,4.8920875,23.93252010765625,117.07998246216377,8,5,1,6.078545,2.4355881
2021-05-11 08:45:00,7.3809,4.0752206,16.607422938664357,67.67891207255752,8,5,1,4.8920875,2.9734757
2021-05-11 09:00:00,7.617,3.1661944,10.024786978591361,31.74042439280889,9,5,1,4.0752206,4.5233116
2021-05-11 09:15:00,7.8815,2.2632096,5.122117693532161,11.592425936331844,9,5,1,3.1661944,5.1479983
2021-05-11 09:30:00,8.1592,1.5355829,2.3580148427724104,3.620927270507502,9,5,1,2.2632096,5.403618
2021-05-11 09:45:00,8.4558,0.96929723,0.9395371200856729,0.9106907279812201,9,5,1,1.5355829,4.726498
