variable,hour,EC_RMSE,GFS_RMSE,unit,var_type
Wind Speed 10m,0,2.2073032635916947,2.32950176858563,m/s,Wind_Speed
Wind Speed 10m,1,2.3890892063779727,2.376762971197643,m/s,Wind_Speed
Wind Speed 10m,2,2.427076495176574,2.4310686228427745,m/s,Wind_Speed
Wind Speed 10m,3,2.3692820706846556,2.3573283659645976,m/s,Wind_Speed
Wind Speed 10m,4,2.1481032978598735,2.212017824959331,m/s,Wind_Speed
Wind Speed 10m,5,2.1814631568877045,2.2657369085434356,m/s,Wind_Speed
Wind Speed 10m,6,2.1640700540129374,2.1271866725706063,m/s,Wind_Speed
Wind Speed 10m,7,2.2658439895813016,2.2569886862938713,m/s,Wind_Speed
Wind Speed 10m,8,2.4623676417820377,2.483337307448051,m/s,Wind_Speed
Wind Speed 10m,9,2.46977242294693,2.5666784564791114,m/s,Wind_Speed
Wind Speed 10m,10,2.3632305665738405,2.473221791459344,m/s,Wind_Speed
Wind Speed 10m,11,2.2991397248113894,2.364562460993866,m/s,Wind_Speed
Wind Speed 10m,12,2.324582966201575,2.407217870571986,m/s,Wind_Speed
Wind Speed 10m,13,2.3633383406196504,2.5210437417443776,m/s,Wind_Speed
Wind Speed 10m,14,2.3108121770823393,2.4762525722253805,m/s,Wind_Speed
Wind Speed 10m,15,2.3121136001569234,2.494467014258152,m/s,Wind_Speed
Wind Speed 10m,16,2.4345114041723095,2.5762753632927193,m/s,Wind_Speed
Wind Speed 10m,17,2.566365112314859,2.6702174364220697,m/s,Wind_Speed
Wind Speed 10m,18,2.587171645713688,2.8034356222617105,m/s,Wind_Speed
Wind Speed 10m,19,2.5184651842975074,2.6528191117323874,m/s,Wind_Speed
Wind Speed 10m,20,2.5510117699544366,2.5808176955066906,m/s,Wind_Speed
Wind Speed 10m,21,2.3780617963691393,2.4298822553711634,m/s,Wind_Speed
Wind Speed 10m,22,2.2526928143611236,2.3718080589014314,m/s,Wind_Speed
Wind Speed 10m,23,2.1602578638445222,2.3088505104633317,m/s,Wind_Speed
Wind Speed 30m,0,2.6678386694797114,2.645690874602039,m/s,Wind_Speed
Wind Speed 30m,1,2.853117842531105,2.7724472303467493,m/s,Wind_Speed
Wind Speed 30m,2,2.844847601599418,2.767680609984038,m/s,Wind_Speed
Wind Speed 30m,3,2.7469802456010948,2.7446534516530745,m/s,Wind_Speed
Wind Speed 30m,4,2.6506001392702756,2.717114402544815,m/s,Wind_Speed
Wind Speed 30m,5,2.613612976363622,2.6859312679082685,m/s,Wind_Speed
Wind Speed 30m,6,2.660372320798967,2.6125956542488162,m/s,Wind_Speed
Wind Speed 30m,7,2.5175089573626552,2.5762185905847965,m/s,Wind_Speed
Wind Speed 30m,8,2.522927027328595,2.6455536719913066,m/s,Wind_Speed
Wind Speed 30m,9,2.5247026741245437,2.708706272695134,m/s,Wind_Speed
Wind Speed 30m,10,2.401289408270183,2.5662472665361116,m/s,Wind_Speed
Wind Speed 30m,11,2.308899472233274,2.4377918722983516,m/s,Wind_Speed
Wind Speed 30m,12,2.3321419157257317,2.5319569063213083,m/s,Wind_Speed
Wind Speed 30m,13,2.406338418017613,2.652756875955493,m/s,Wind_Speed
Wind Speed 30m,14,2.384855860252105,2.604499379836335,m/s,Wind_Speed
Wind Speed 30m,15,2.442116219197674,2.6685636120958662,m/s,Wind_Speed
Wind Speed 30m,16,2.568224959421511,2.7080310583626632,m/s,Wind_Speed
Wind Speed 30m,17,2.703512723449847,2.8698280958286286,m/s,Wind_Speed
Wind Speed 30m,18,2.6676596531148946,2.991575089242138,m/s,Wind_Speed
Wind Speed 30m,19,2.6617217300399636,2.834849957565707,m/s,Wind_Speed
Wind Speed 30m,20,2.6431247703189893,2.7747011786884777,m/s,Wind_Speed
Wind Speed 30m,21,2.6507899652372124,2.738074639983627,m/s,Wind_Speed
Wind Speed 30m,22,2.7030025179386916,2.7777872047758994,m/s,Wind_Speed
Wind Speed 30m,23,2.666990794718472,2.7165290020320754,m/s,Wind_Speed
Wind Speed 50m,0,3.1431319595207854,3.188302424216099,m/s,Wind_Speed
Wind Speed 50m,1,3.300306057426119,3.293248836449839,m/s,Wind_Speed
Wind Speed 50m,2,3.3150009858651157,3.2975767987825986,m/s,Wind_Speed
Wind Speed 50m,3,3.2027347968350712,3.3183436393817436,m/s,Wind_Speed
Wind Speed 50m,4,3.0626586151281114,3.233419213775352,m/s,Wind_Speed
Wind Speed 50m,5,3.0211407348300225,3.1700138061078103,m/s,Wind_Speed
Wind Speed 50m,6,3.024284221474062,3.0835247399018875,m/s,Wind_Speed
Wind Speed 50m,7,2.8686951834682177,3.005913176319292,m/s,Wind_Speed
Wind Speed 50m,8,2.7817956675202207,2.982047355958407,m/s,Wind_Speed
Wind Speed 50m,9,2.6939333338207905,2.955159542083812,m/s,Wind_Speed
Wind Speed 50m,10,2.530146189934867,2.7287546219634966,m/s,Wind_Speed
Wind Speed 50m,11,2.4064549852202743,2.555479055095723,m/s,Wind_Speed
Wind Speed 50m,12,2.441815158877476,2.6665576510401716,m/s,Wind_Speed
Wind Speed 50m,13,2.5174078026979307,2.784350310979289,m/s,Wind_Speed
Wind Speed 50m,14,2.4999517337927233,2.731504467721641,m/s,Wind_Speed
Wind Speed 50m,15,2.5635625304371823,2.7823939271588856,m/s,Wind_Speed
Wind Speed 50m,16,2.686704160902826,2.810081171542818,m/s,Wind_Speed
Wind Speed 50m,17,2.840815929543128,2.989369043908633,m/s,Wind_Speed
Wind Speed 50m,18,2.824162171691234,3.134530996943092,m/s,Wind_Speed
Wind Speed 50m,19,2.8911902169505947,3.033030689665383,m/s,Wind_Speed
Wind Speed 50m,20,2.9516433765589896,3.070573642478521,m/s,Wind_Speed
Wind Speed 50m,21,3.0354053139406334,3.168501279281376,m/s,Wind_Speed
Wind Speed 50m,22,3.1504013511881124,3.2741238150112366,m/s,Wind_Speed
Wind Speed 50m,23,3.1849717408487503,3.2588693887674878,m/s,Wind_Speed
Wind Speed 70m,0,3.5238312014088944,3.584899853417403,m/s,Wind_Speed
Wind Speed 70m,1,3.695703871721489,3.722750286449743,m/s,Wind_Speed
Wind Speed 70m,2,3.714146789044792,3.7596241887268422,m/s,Wind_Speed
Wind Speed 70m,3,3.552655810602366,3.7321033338414122,m/s,Wind_Speed
Wind Speed 70m,4,3.399795324867034,3.615185787179505,m/s,Wind_Speed
Wind Speed 70m,5,3.3433194119606173,3.5552083519185187,m/s,Wind_Speed
Wind Speed 70m,6,3.3317981077282415,3.458761237468124,m/s,Wind_Speed
Wind Speed 70m,7,3.172852097862164,3.3540574158499115,m/s,Wind_Speed
Wind Speed 70m,8,2.99768302674498,3.2345006566062096,m/s,Wind_Speed
Wind Speed 70m,9,2.8690214198555335,3.160664328948635,m/s,Wind_Speed
Wind Speed 70m,10,2.663922525104032,2.9317188407405195,m/s,Wind_Speed
Wind Speed 70m,11,2.530979136781703,2.75374548649362,m/s,Wind_Speed
Wind Speed 70m,12,2.556732663231686,2.8447881201099396,m/s,Wind_Speed
Wind Speed 70m,13,2.619111516104539,2.9621233900399186,m/s,Wind_Speed
Wind Speed 70m,14,2.583034344134788,2.895447324277183,m/s,Wind_Speed
Wind Speed 70m,15,2.6358304513724287,2.9482911968750884,m/s,Wind_Speed
Wind Speed 70m,16,2.7751141000066184,2.9910974271222956,m/s,Wind_Speed
Wind Speed 70m,17,2.9575567523305097,3.2087106088642203,m/s,Wind_Speed
Wind Speed 70m,18,3.0200762055898505,3.391652537779953,m/s,Wind_Speed
Wind Speed 70m,19,3.1844298742176833,3.3790656882405026,m/s,Wind_Speed
Wind Speed 70m,20,3.3444150077641885,3.5003388880027697,m/s,Wind_Speed
Wind Speed 70m,21,3.4877656665656,3.629277532245417,m/s,Wind_Speed
Wind Speed 70m,22,3.5604182574956877,3.6892168148095226,m/s,Wind_Speed
Wind Speed 70m,23,3.59584353288732,3.6553433608811132,m/s,Wind_Speed
